keyword,volume,rank,url,kd
stuff to do in dallas,74000,33,https://dallasslingshotrental.com/blog/top-10-must-do-activities-when-visiting-dallas-even-for-a-day,17
slingshot rental,14800,11,https://dallasslingshotrental.com/,28
slingshot rentals,14800,10,https://dallasslingshotrental.com/,11
slingshot rentals near me,6600,5,https://dallasslingshotrental.com/,29
best things to do in dallas,2900,52,https://dallasslingshotrental.com/blog/top-10-must-do-activities-when-visiting-dallas-even-for-a-day,15
best things to do in dallas texas,2900,62,https://dallasslingshotrental.com/blog/top-10-must-do-activities-when-visiting-dallas-even-for-a-day,11
what to do in dallas texas,2900,45,https://dallasslingshotrental.com/blog/top-10-must-do-activities-when-visiting-dallas-even-for-a-day,7
renting polaris slingshot,1900,12,https://dallasslingshotrental.com/,28
slingshot polaris rental,1900,4,https://dallasslingshotrental.com/,19
rent a slingshot,1600,15,https://dallasslingshotrental.com/,7
renting a slingshot,1600,8,https://dallasslingshotrental.com/,15
slingshot car rental,1600,13,https://dallasslingshotrental.com/,27
slingshot car rentals,1600,11,https://dallasslingshotrental.com/,27
slingshot for rent,1600,9,https://dallasslingshotrental.com/,19
slingshots for rent,1600,12,https://dallasslingshotrental.com/,7
slingshots for rental,1600,8,https://dallasslingshotrental.com/,12
top things to do in dallas,1600,27,https://dallasslingshotrental.com/blog/top-10-must-do-activities-when-visiting-dallas-even-for-a-day,15
top things to do in dallas tx,1600,27,https://dallasslingshotrental.com/blog/top-10-must-do-activities-when-visiting-dallas-even-for-a-day,10
must do in dallas,1300,23,https://dallasslingshotrental.com/blog/top-10-must-do-activities-when-visiting-dallas-even-for-a-day,9
must see in dallas,1300,25,https://dallasslingshotrental.com/blog/top-10-must-do-activities-when-visiting-dallas-even-for-a-day,12
activities to do in dallas,1000,31,https://dallasslingshotrental.com/blog/top-10-must-do-activities-when-visiting-dallas-even-for-a-day,16
dallas to do,1000,29,https://dallasslingshotrental.com/blog/top-10-must-do-activities-when-visiting-dallas-even-for-a-day,12
dallas what to do,1000,28,https://dallasslingshotrental.com/blog/top-10-must-do-activities-when-visiting-dallas-even-for-a-day,13
north atlanta slingshot rentals,1000,31,https://dallasslingshotrental.com/,3
rent a slingshot near me,1000,3,https://dallasslingshotrental.com/,30
atlanta slingshot rental,880,32,https://dallasslingshotrental.com/,
dallas slingshot rental,880,1,https://dallasslingshotrental.com/,1
polaris slingshot for rent near me,880,22,https://dallasslingshotrental.com/,7
polaris slingshot rental near me,880,14,https://dallasslingshotrental.com/,13
rent a polaris slingshot near me,880,22,https://dallasslingshotrental.com/,1
rent a slingshot atlanta,880,31,https://dallasslingshotrental.com/,
rent a slingshot dallas,880,1,https://dallasslingshotrental.com/,1
rent slingshot,880,9,https://dallasslingshotrental.com/,18
rent slingshots,880,4,https://dallasslingshotrental.com/,21
rental slingshot,880,9,https://dallasslingshotrental.com/,21
what to see in dallas,880,26,https://dallasslingshotrental.com/blog/top-10-must-do-activities-when-visiting-dallas-even-for-a-day,12
rent slingshot near me,720,8,https://dallasslingshotrental.com/,27
rent slingshots near me,720,10,https://dallasslingshotrental.com/,27
rental slingshot near me,720,6,https://dallasslingshotrental.com/,19
rental slingshots near me,720,18,https://dallasslingshotrental.com/,27
what is there to do in dallas,720,14,https://dallasslingshotrental.com/blog/top-10-must-do-activities-when-visiting-dallas-even-for-a-day,25
slingshot rentals of san antonio,590,31,https://dallasslingshotrental.com/,15
slingshot rental galveston,480,49,https://dallasslingshotrental.com/,1
top 10 things to do in dallas,480,26,https://dallasslingshotrental.com/blog/top-10-must-do-activities-when-visiting-dallas-even-for-a-day,15
unique things to do in dallas,480,35,https://dallasslingshotrental.com/blog/top-10-must-do-activities-when-visiting-dallas-even-for-a-day,11
atv rentals dallas,390,13,https://dallasslingshotrental.com/,
atv rentals dallas texas,390,21,https://dallasslingshotrental.com/,
atv rentals in dallas tx,390,19,https://dallasslingshotrental.com/,
dallas atv rental,390,16,https://dallasslingshotrental.com/,
dallas texas atv rentals,390,18,https://dallasslingshotrental.com/,
dallas top things to do,390,28,https://dallasslingshotrental.com/blog/top-10-must-do-activities-when-visiting-dallas-even-for-a-day,13
rent a slingshot car near me,390,16,https://dallasslingshotrental.com/,6
slingshot car rentals near me,390,23,https://dallasslingshotrental.com/,12
slingshot for rent near me,390,13,https://dallasslingshotrental.com/,12
slingshots for rent near me,390,11,https://dallasslingshotrental.com/,28
dallas tx motorcycle rental,320,20,https://dallasslingshotrental.com/,
motorcycle rental dallas tx,320,20,https://dallasslingshotrental.com/,5
slingshot rental san antonio,320,34,https://dallasslingshotrental.com/,12
slingshot rentals san antonio,320,33,https://dallasslingshotrental.com/,13
spider rentals,320,10,https://dallasslingshotrental.com/,21
must do things in dallas texas,260,26,https://dallasslingshotrental.com/blog/top-10-must-do-activities-when-visiting-dallas-even-for-a-day,9
spyder rentals,260,7,https://dallasslingshotrental.com/,6
4 seater slingshot rental,210,15,https://dallasslingshotrental.com/,1
best things to do in dfw,210,59,https://dallasslingshotrental.com/blog/top-10-must-do-activities-when-visiting-dallas-even-for-a-day,18
cheap slingshot rental near me,170,6,https://dallasslingshotrental.com/,21
cheapest slingshot rental near me,170,17,https://dallasslingshotrental.com/,21
chicago slingshot rental,170,19,https://dallasslingshotrental.com/,
chicago slingshot rentals,170,17,https://dallasslingshotrental.com/,
how much to rent a slingshot,170,10,https://dallasslingshotrental.com/price-list,
rent a slingshot in chicago,170,29,https://dallasslingshotrental.com/,
slingshot dallas,170,2,https://dallasslingshotrental.com/,11
slingshots 312,170,15,https://dallasslingshotrental.com/,
things to do and see in dallas,170,36,https://dallasslingshotrental.com/blog/top-10-must-do-activities-when-visiting-dallas-even-for-a-day,11
things to see and do in dallas tx,170,37,https://dallasslingshotrental.com/blog/top-10-must-do-activities-when-visiting-dallas-even-for-a-day,9
where can you rent a slingshot,170,11,https://dallasslingshotrental.com/,9
how much does it cost to rent a slingshot,140,2,https://dallasslingshotrental.com/price-list,
how much is it to rent a slingshot,140,1,https://dallasslingshotrental.com/price-list,
slingshot rental atlanta ga,140,30,https://dallasslingshotrental.com/,
slingshot rental south padre island,140,55,https://dallasslingshotrental.com/,15
what's there to do in dallas,140,28,https://dallasslingshotrental.com/blog/top-10-must-do-activities-when-visiting-dallas-even-for-a-day,23
where can i rent a slingshot near me,140,12,https://dallasslingshotrental.com/,21
dallas in one day,110,38,https://dallasslingshotrental.com/blog/top-10-must-do-activities-when-visiting-dallas-even-for-a-day,
dfw slingshot rental,110,1,https://dallasslingshotrental.com/,
dfw slingshot rentals,110,1,https://dallasslingshotrental.com/,4
one day in dallas,110,34,https://dallasslingshotrental.com/blog/top-10-must-do-activities-when-visiting-dallas-even-for-a-day,
spider car rental,110,7,https://dallasslingshotrental.com/,21
spider car rentals,110,13,https://dallasslingshotrental.com/,13
what can you do in dallas texas,110,28,https://dallasslingshotrental.com/blog/top-10-must-do-activities-when-visiting-dallas-even-for-a-day,25
where to rent a slingshot near me,110,10,https://dallasslingshotrental.com/,21
a day in dallas,90,32,https://dallasslingshotrental.com/blog/top-10-must-do-activities-when-visiting-dallas-even-for-a-day,
atv rental fort worth,90,19,https://dallasslingshotrental.com/,
atv rentals fort worth,90,18,https://dallasslingshotrental.com/,
atv rentals fort worth tx,90,19,https://dallasslingshotrental.com/,
best things to see in dallas,90,58,https://dallasslingshotrental.com/blog/top-10-must-do-activities-when-visiting-dallas-even-for-a-day,14
dallas in a day,90,31,https://dallasslingshotrental.com/blog/top-10-must-do-activities-when-visiting-dallas-even-for-a-day,
day in dallas,90,29,https://dallasslingshotrental.com/blog/top-10-must-do-activities-when-visiting-dallas-even-for-a-day,16
lease a polaris slingshot,90,21,https://dallasslingshotrental.com/,
nj slingshot rentals,90,29,https://dallasslingshotrental.com/,
parasailing dallas,90,42,https://dallasslingshotrental.com/,
parasailing dallas tx,90,53,https://dallasslingshotrental.com/,
