keyword,volume,cpc,comp,kd,intent,src,m_2025-08,m_2025-09,m_2025-10,m_2025-11,m_2025-12,m_2026-01,m_2026-02,m_2026-03,m_2026-04,m_2026-05,m_2026-06,m_2026-07
rent a center,1220000,1.16,LOW,17,commercial,ideas,1220000,1220000,1220000,1220000,1500000,1220000,1220000,1220000,1220000,1220000,1500000,1500000
rental cars,823000,3.46,HIGH,100,commercial,ideas,823000,673000,673000,673000,673000,673000,673000,1000000,823000,823000,823000,823000
houses for rent,450000,1.61,MEDIUM,29,transactional,ideas,550000,450000,368000,368000,368000,550000,450000,550000,550000,450000,450000,450000
enterprise rental,450000,1.47,MEDIUM,33,commercial,ideas,450000,368000,368000,368000,368000,368000,368000,550000,450000,550000,550000,550000
sunbelt rentals,450000,4.02,LOW,22,commercial,ideas,450000,450000,450000,368000,368000,368000,368000,450000,450000,450000,450000,450000
houses for rent near me,450000,1.43,MEDIUM,9,transactional,ideas,550000,450000,450000,368000,368000,450000,450000,550000,450000,450000,450000,450000
united rentals,368000,2.53,LOW,47,navigational,ideas,368000,368000,368000,301000,301000,368000,301000,368000,368000,368000,368000,368000
vacation rentals,368000,2.71,LOW,58,transactional,ideas,246000,201000,201000,135000,135000,246000,201000,368000,450000,301000,368000,1500000
rent the runway,301000,0.77,HIGH,20,transactional,ideas,368000,368000,301000,301000,246000,301000,301000,368000,450000,368000,301000,301000
rent,301000,1.47,LOW,83,informational,ideas,368000,301000,246000,246000,301000,301000,301000,450000,368000,368000,368000,450000
rv rental,246000,2.64,HIGH,53,transactional,ideas,301000,246000,201000,165000,165000,246000,201000,301000,301000,368000,368000,368000
rental family,246000,0.33,LOW,39,informational,ideas,49500,33100,40500,823000,368000,368000,368000,246000,110000,110000,60500,49500
zillow and rent,246000,0.56,LOW,46,navigational,ideas,368000,246000,201000,201000,165000,201000,201000,246000,246000,246000,246000,368000
home depot rentals,201000,0.13,MEDIUM,9,commercial,ideas,201000,201000,165000,165000,110000,135000,135000,201000,246000,246000,201000,201000
slingshot,165000,1.01,LOW,31,transactional,ideas,201000,165000,135000,110000,110000,135000,135000,165000,165000,165000,165000,165000
zillow homes for rent,165000,0.8,LOW,28,navigational,ideas,165000,165000,201000,201000,201000,301000,135000,135000,110000,165000,135000,165000
homes for rent,165000,1.66,MEDIUM,17,transactional,ideas,201000,165000,135000,135000,135000,201000,201000,246000,201000,201000,165000,165000
rentals near me,165000,1.06,MEDIUM,70,commercial,ideas,201000,165000,165000,135000,135000,165000,165000,201000,165000,201000,165000,165000
budget rental car,110000,2.8,MEDIUM,28,transactional,ideas,110000,110000,110000,90500,110000,110000,110000,135000,135000,135000,135000,135000
rv rentals near me,110000,2.42,HIGH,53,transactional,ideas,135000,90500,90500,60500,49500,74000,74000,110000,110000,135000,165000,135000
carpet cleaner rental,110000,1.45,HIGH,5,commercial,ideas,135000,110000,110000,110000,90500,90500,74000,110000,110000,110000,110000,110000
zillow houses for rent near me,110000,0.62,LOW,22,navigational,ideas,201000,301000,165000,165000,201000,165000,110000,6600,4400,22200,5400,5400
bike rental,110000,0.79,LOW,35,transactional,ideas,165000,110000,90500,60500,60500,90500,90500,165000,135000,135000,165000,165000
porta potty rental,110000,10.92,MEDIUM,32,transactional,ideas,165000,135000,165000,135000,110000,110000,90500,110000,110000,110000,110000,110000
bounce house rental,90500,2.65,HIGH,37,transactional,ideas,135000,110000,90500,60500,40500,74000,74000,110000,110000,135000,110000,110000
bike rental service,90500,0.52,LOW,19,commercial,ideas,12100,6600,2400,1600,14800,5400,2900,1000000,2400,2400,4400,5400
bike rent service,90500,0.52,LOW,15,commercial,ideas,12100,6600,2400,1600,14800,5400,2900,1000000,2400,2400,4400,5400
rent to own furniture,90500,3.64,HIGH,12,commercial,ideas,74000,60500,450000,165000,135000,18100,14800,18100,12100,12100,49500,12100
bike rental services,90500,0.52,LOW,14,commercial,ideas,12100,6600,2400,1600,14800,5400,2900,1000000,2400,2400,4400,5400
bicycle rental service,90500,0.52,LOW,15,commercial,ideas,12100,6600,2400,1600,14800,5400,2900,1000000,2400,2400,4400,5400
bicycle rental services,90500,0.52,LOW,37,commercial,ideas,12100,6600,2400,1600,14800,5400,2900,1000000,2400,2400,4400,5400
equipment rental,74000,2.42,LOW,44,commercial,ideas,90500,90500,90500,60500,49500,60500,60500,74000,74000,74000,74000,74000
outer banks vacation rentals,74000,2.31,LOW,66,commercial,ideas,135000,60500,33100,14800,49500,60500,135000,90500,74000,90500,74000,74000
trailer rental,74000,2.8,MEDIUM,18,transactional,ideas,74000,74000,74000,49500,40500,201000,49500,60500,74000,74000,74000,60500
zillow rental manager,74000,4.27,LOW,36,navigational,ideas,74000,74000,74000,60500,60500,74000,74000,90500,90500,90500,74000,90500
stump grinder rental,74000,1.96,MEDIUM,,commercial,ideas,74000,74000,60500,40500,27100,33100,40500,110000,110000,110000,90500,74000
outer banks vacation rental homes,74000,2.31,LOW,59,commercial,ideas,135000,60500,33100,14800,49500,60500,135000,90500,74000,90500,74000,74000
storage rentals of america,74000,6.26,LOW,10,commercial,ideas,90500,74000,74000,60500,60500,74000,74000,90500,74000,90500,90500,90500
hertz rental,74000,2.39,LOW,5,transactional,ideas,74000,74000,74000,74000,74000,74000,74000,90500,74000,90500,90500,90500
vacation rentals outer banks nc,74000,2.31,LOW,62,commercial,ideas,135000,60500,33100,14800,49500,60500,135000,90500,74000,90500,74000,74000
polaris slingshot,74000,1.17,LOW,20,transactional,sugg_polaris_slingshot,90500,74000,74000,40500,40500,40500,40500,74000,74000,90500,110000,90500
polaris slingshot s,74000,1.17,LOW,,transactional,sugg_polaris_slingshot,90500,74000,74000,40500,40500,40500,40500,74000,74000,90500,110000,90500
rental assistance,60500,4.33,MEDIUM,53,informational,ideas,74000,74000,74000,60500,60500,60500,40500,40500,49500,60500,74000,74000
dvc rental,60500,0.78,LOW,57,commercial,ideas,74000,60500,49500,49500,49500,74000,49500,60500,60500,60500,60500,90500
for rent,60500,0.99,MEDIUM,51,transactional,ideas,60500,60500,60500,49500,49500,60500,60500,90500,74000,74000,74000,74000
rooms for rent,49500,1.72,MEDIUM,18,transactional,ideas,60500,60500,49500,49500,49500,49500,49500,60500,49500,49500,49500,60500
american homes for rent,49500,0.89,LOW,19,transactional,ideas,49500,40500,40500,40500,40500,49500,49500,49500,49500,40500,40500,40500
party rentals,49500,2.63,MEDIUM,45,commercial,ideas,60500,74000,60500,49500,49500,60500,33100,49500,49500,60500,49500,40500
rental partnership program,49500,4.81,LOW,2,commercial,ideas,49500,49500,60500,49500,49500,49500,49500,49500,74000,49500,74000,49500
van rental,49500,2.79,HIGH,6,transactional,ideas,60500,40500,40500,40500,40500,40500,40500,60500,60500,60500,74000,74000
table and chair rentals,49500,3.03,MEDIUM,12,commercial,ideas,49500,49500,49500,60500,33100,33100,33100,49500,60500,60500,49500,40500
budget rental,40500,2.22,MEDIUM,27,transactional,ideas,49500,40500,40500,40500,40500,40500,40500,49500,40500,49500,49500,49500
car rental return,40500,0.93,LOW,18,transactional,ideas,40500,40500,40500,33100,27100,27100,33100,33100,40500,49500,49500,49500
flex rent,40500,5.35,MEDIUM,22,commercial,ideas,40500,40500,40500,33100,40500,33100,27100,33100,40500,40500,49500,49500
united rentals near me,40500,4.37,LOW,18,navigational,ideas,40500,33100,33100,27100,27100,27100,27100,40500,40500,40500,49500,49500
trailers for rent,40500,2.49,MEDIUM,4,transactional,ideas,22200,18100,18100,14800,14800,301000,14800,22200,18100,22200,22200,18100
rv rental share,40500,3.12,LOW,24,transactional,ideas,90500,74000,110000,74000,49500,22200,2900,3600,4400,40500,22200,4400
ski rentals,40500,1.09,LOW,12,commercial,ideas,6600,12100,18100,40500,110000,135000,110000,60500,8100,2900,2400,4400
water slide rentals,40500,2.29,HIGH,9,commercial,ideas,49500,18100,6600,2900,2400,6600,9900,40500,49500,74000,110000,90500
bluebonnet bluebonnet,40500,1.32,LOW,,informational,sugg_bluebonnet,40500,40500,33100,33100,27100,33100,40500,90500,74000,49500,33100,27100
bluebonnet,40500,1.32,LOW,13,informational,sugg_bluebonnet,40500,40500,33100,33100,27100,33100,40500,90500,74000,49500,33100,27100
rent house,33100,1.8,MEDIUM,33,transactional,ideas,33100,33100,27100,27100,27100,40500,33100,40500,40500,40500,40500,40500
motorcycle rental,33100,1.13,LOW,39,transactional,ideas,40500,27100,27100,22200,18100,22200,33100,49500,40500,40500,33100,33100
vacation rentals near me,33100,2.04,LOW,,commercial,ideas,74000,33100,27100,27100,22200,40500,33100,33100,33100,33100,33100,33100
lowes rentals,33100,0.78,LOW,7,navigational,ideas,33100,33100,27100,27100,22200,22200,22200,40500,49500,49500,40500,40500
ebike rentals,33100,1.6,LOW,3,commercial,ideas,40500,27100,90500,14800,12100,14800,18100,40500,33100,33100,40500,40500
dvc rental store,33100,0.37,LOW,52,commercial,ideas,40500,33100,27100,27100,27100,40500,33100,33100,33100,40500,40500,40500
suit rental,33100,5.2,HIGH,31,transactional,ideas,33100,49500,33100,22200,18100,27100,27100,40500,49500,40500,22200,22200
places for rent,33100,1.57,MEDIUM,60,commercial,ideas,33100,33100,33100,27100,27100,33100,33100,40500,33100,33100,33100,33100
house on rent,33100,1.8,MEDIUM,60,transactional,ideas,33100,33100,27100,27100,27100,40500,33100,40500,40500,40500,40500,40500
tent rentals near me,33100,3.01,HIGH,12,transactional,ideas,40500,33100,27100,18100,14800,27100,22200,40500,49500,49500,49500,40500
rent holiday apartment,33100,1.22,LOW,46,transactional,ideas,2900,5400,2400,1900,49500,301000,5400,4400,4400,3600,3600,4400
cruise america rv rental,33100,0.77,LOW,23,commercial,ideas,33100,27100,22200,27100,60500,49500,18100,27100,27100,40500,40500,40500
dump trailer rental,33100,1.94,MEDIUM,,transactional,ideas,33100,33100,33100,22200,14800,22200,27100,40500,40500,40500,33100,27100
camper van rental,33100,2.17,MEDIUM,41,transactional,ideas,40500,33100,22200,22200,18100,27100,27100,40500,40500,33100,40500,40500
cabin rentals near me,33100,0.96,MEDIUM,19,transactional,ideas,49500,33100,33100,27100,27100,27100,22200,27100,27100,33100,40500,33100
clothing rental services,33100,9.22,LOW,58,commercial,ideas,5400,2400,1900,1900,9900,22200,1600,18100,110000,90500,74000,40500
rental houses near me,33100,1.4,MEDIUM,33,commercial,ideas,40500,33100,33100,27100,27100,33100,33100,40500,33100,33100,33100,33100
dollar rental,33100,1.18,MEDIUM,18,transactional,ideas,40500,33100,27100,27100,27100,27100,27100,40500,33100,33100,33100,33100
cabin rentals,33100,1.12,LOW,11,transactional,ideas,33100,27100,27100,27100,22200,22200,22200,49500,33100,40500,49500,49500
rental car parking,33100,0.73,LOW,8,transactional,ideas,40500,33100,33100,22200,22200,22200,27100,33100,33100,40500,40500,40500
condos for rent,33100,1.39,MEDIUM,,transactional,ideas,33100,27100,27100,22200,22200,33100,33100,40500,33100,33100,33100,33100
rent one,33100,0.57,LOW,6,navigational,ideas,33100,33100,33100,40500,40500,33100,33100,33100,33100,33100,33100,40500
holiday apartments for rent,33100,1.22,LOW,87,transactional,ideas,2900,5400,2400,1900,49500,301000,5400,4400,4400,3600,3600,4400
ennis tx usa,33100,0.61,LOW,46,navigational,sugg_ennis_tx,40500,33100,40500,33100,27100,27100,27100,40500,40500,40500,40500,40500
storage rental,27100,14.38,MEDIUM,41,transactional,ideas,27100,27100,22200,22200,18100,22200,22200,33100,27100,33100,22200,27100
tool rental,27100,1.18,LOW,36,commercial,ideas,40500,33100,33100,22200,18100,18100,18100,33100,33100,27100,27100,33100
atv rentals,27100,1.36,LOW,19,transactional,ideas,33100,27100,22200,14800,14800,18100,18100,27100,27100,27100,33100,33100
rental homes,27100,1.86,MEDIUM,26,transactional,ideas,22200,22200,18100,18100,18100,27100,27100,33100,27100,27100,27100,33100
short term rentals,27100,2.47,LOW,9,commercial,ideas,27100,27100,27100,22200,22200,18100,22200,49500,27100,27100,27100,40500
outer banks rentals,27100,2.15,HIGH,59,commercial,ideas,33100,18100,14800,12100,14800,33100,27100,33100,27100,27100,33100,33100
house rentals,27100,1.97,MEDIUM,41,transactional,ideas,27100,22200,22200,18100,22200,27100,27100,40500,33100,27100,33100,33100
rent apartment,27100,2.09,MEDIUM,36,commercial,ideas,33100,27100,27100,22200,33100,27100,27100,33100,33100,27100,33100,33100
apartment rental agency,27100,1.59,LOW,48,commercial,ideas,22200,18100,18100,18100,22200,40500,27100,27100,22200,27100,22200,33100
rental properties,27100,2.25,LOW,51,commercial,ideas,27100,18100,33100,18100,18100,27100,22200,27100,27100,22200,33100,40500
3 bedroom houses for rent,27100,1.42,MEDIUM,,transactional,ideas,33100,27100,27100,22200,22200,33100,33100,33100,33100,27100,27100,22200
apartment rental agents,27100,1.59,LOW,23,commercial,ideas,22200,18100,18100,18100,22200,40500,27100,27100,22200,27100,22200,33100
apartments.com rentals,27100,2.28,LOW,18,navigational,ideas,9900,14800,6600,5400,22200,135000,9900,60500,14800,12100,5400,14800
rug doctor rental,27100,0.78,MEDIUM,28,commercial,ideas,33100,27100,27100,27100,22200,22200,18100,27100,27100,27100,27100,27100
scaffolding rental,27100,1.73,HIGH,,transactional,ideas,33100,33100,33100,27100,22200,22200,22200,33100,27100,27100,27100,33100
taylor rental,27100,2.46,LOW,12,navigational,ideas,33100,27100,27100,22200,18100,14800,14800,22200,27100,33100,33100,27100
rental properties near me,27100,1.47,MEDIUM,37,commercial,ideas,33100,33100,27100,22200,22200,27100,27100,33100,27100,27100,27100,27100
condos for rent near me,27100,1.54,HIGH,,transactional,ideas,27100,22200,22200,22200,22200,27100,27100,27100,27100,27100,22200,27100
studio for rent,27100,1.87,MEDIUM,,transactional,ideas,27100,27100,27100,22200,22200,27100,27100,33100,27100,27100,27100,33100
room for rent,27100,1.6,MEDIUM,17,commercial,ideas,40500,27100,27100,27100,27100,33100,27100,27100,27100,27100,27100,33100
mobile homes for rent,27100,1.77,LOW,6,transactional,ideas,40500,33100,27100,22200,22200,27100,27100,33100,27100,27100,27100,27100
slingshot polaris for sale,27100,0.88,LOW,,transactional,sugg_polaris_slingshot,22200,18100,22200,18100,22200,14800,12100,22200,27100,40500,74000,27100
polaris slingshot for sale,27100,0.88,LOW,,transactional,sugg_polaris_slingshot,22200,18100,22200,18100,22200,14800,12100,22200,27100,40500,74000,27100
polaris slingshot s for sale,27100,0.88,LOW,14,transactional,sugg_polaris_slingshot,22200,18100,22200,18100,22200,14800,12100,22200,27100,40500,74000,27100
slingshot polaris sale,27100,0.88,LOW,,transactional,sugg_polaris_slingshot,22200,18100,22200,18100,22200,14800,12100,22200,27100,40500,74000,27100
for sale polaris slingshot,27100,0.88,LOW,,transactional,sugg_polaris_slingshot,22200,18100,22200,18100,22200,14800,12100,22200,27100,40500,74000,27100
slingshot ride,22200,1.61,LOW,,transactional,ideas,33100,27100,22200,14800,12100,14800,12100,22200,22200,27100,22200,27100
rental return,22200,0.29,LOW,18,informational,ideas,33100,33100,33100,18100,14800,9900,12100,18100,22200,27100,33100,33100
rent an rv,22200,1.8,HIGH,55,transactional,ideas,22200,18100,14800,14800,12100,18100,18100,22200,22200,27100,27100,27100
airbnb miami,22200,0.67,MEDIUM,22,navigational,ideas,18100,18100,18100,18100,22200,33100,27100,27100,22200,18100,18100,18100
equipment rental companies,22200,4.74,LOW,67,commercial,ideas,90500,60500,6600,9900,14800,5400,8100,6600,8100,6600,6600,8100
homes for rent by owner near me,22200,1.11,MEDIUM,18,transactional,ideas,33100,22200,18100,18100,14800,22200,18100,22200,22200,27100,22200,27100
office space for rent,22200,12.7,MEDIUM,17,commercial,ideas,22200,22200,18100,18100,14800,22200,22200,27100,22200,18100,14800,22200
2 bedroom houses for rent,22200,1.34,MEDIUM,,transactional,ideas,27100,22200,18100,18100,18100,22200,22200,27100,22200,18100,18100,18100
pod rental,22200,10.27,HIGH,57,transactional,ideas,22200,22200,18100,18100,14800,18100,18100,22200,22200,27100,22200,22200
chair rentals,22200,2.89,MEDIUM,4,commercial,ideas,27100,33100,22200,33100,18100,18100,18100,22200,22200,27100,27100,22200
for rent by owner,22200,1.07,MEDIUM,,transactional,ideas,22200,18100,18100,14800,14800,22200,22200,22200,22200,22200,22200,22200
scaffolding rental services,22200,0.93,LOW,,navigational,ideas,590,880,590,590,246000,590,1000,1300,720,1000,880,880
emergency rental assistance,22200,4.96,MEDIUM,53,informational,ideas,27100,22200,27100,27100,27100,27100,22200,22200,22200,22200,22200,22200
construction equipment rental,22200,4.08,LOW,40,commercial,ideas,33100,14800,14800,49500,90500,8100,6600,8100,8100,5400,5400,8100
houses for rent by owner,22200,1.26,MEDIUM,5,transactional,ideas,27100,22200,22200,18100,18100,22200,22200,27100,22200,22200,18100,18100
lens rentals,22200,0.81,MEDIUM,27,commercial,ideas,27100,27100,27100,22200,18100,18100,18100,27100,27100,27100,22200,22200
scissor lift rental,22200,4.34,HIGH,,transactional,ideas,33100,22200,27100,22200,18100,18100,18100,22200,27100,18100,18100,22200
4 bedroom houses for rent,22200,1.52,MEDIUM,,transactional,ideas,27100,22200,22200,18100,22200,27100,27100,27100,27100,22200,22200,22200
rent app,22200,5.77,MEDIUM,49,transactional,ideas,27100,27100,33100,27100,33100,27100,22200,22200,22200,18100,14800,14800
rental assistance program,22200,3.8,LOW,46,informational,ideas,40500,27100,27100,27100,22200,22200,18100,18100,18100,22200,22200,22200
tent rentals,22200,3.1,HIGH,18,transactional,ideas,27100,33100,18100,14800,12100,18100,14800,22200,27100,33100,33100,27100
excavator rental,22200,2.54,HIGH,5,transactional,ideas,27100,22200,22200,14800,12100,14800,14800,27100,22200,22200,22200,18100
section 8 houses for rent,22200,2.12,LOW,42,informational,ideas,33100,27100,22200,18100,18100,27100,22200,27100,22200,22200,22200,22200
zillow for rent,22200,0.44,LOW,32,navigational,ideas,18100,18100,18100,14800,18100,27100,14800,18100,33100,27100,22200,49500
ennis tx,22200,1.37,LOW,17,navigational,sugg_ennis_tx,18100,18100,22200,18100,18100,18100,22200,33100,33100,22200,22200,22200
boom lift rental,18100,3.17,HIGH,,transactional,ideas,22200,18100,22200,22200,12100,12100,14800,18100,18100,18100,18100,18100
rent the rental,18100,4.06,LOW,33,transactional,ideas,14800,18100,18100,18100,14800,18100,14800,18100,14800,14800,14800,14800
beach house rentals,18100,1.62,MEDIUM,18,transactional,ideas,14800,8100,6600,9900,27100,12100,12100,27100,22200,18100,22200,22200
emergency rental assistance program,18100,3.19,LOW,46,informational,ideas,40500,33100,33100,27100,18100,18100,12100,9900,12100,18100,9900,5400
home depot van rental,18100,0.13,MEDIUM,,navigational,ideas,22200,18100,14800,18100,14800,14800,14800,18100,18100,22200,22200,27100
split rent,18100,11.41,MEDIUM,29,informational,ideas,8100,8100,9900,9900,12100,14800,18100,18100,27100,40500,40500,27100
long term car rental,18100,5.01,HIGH,14,transactional,ideas,22200,18100,18100,18100,14800,18100,14800,22200,18100,18100,14800,14800
minivan rental,18100,3.48,HIGH,2,transactional,ideas,22200,12100,12100,14800,14800,12100,14800,22200,18100,22200,27100,27100
clothing rental,18100,6.77,HIGH,40,commercial,ideas,18100,18100,14800,14800,14800,18100,18100,18100,18100,18100,14800,14800
trulia homes for rent,18100,0.84,LOW,51,navigational,ideas,12100,12100,9900,14800,12100,33100,33100,12100,40500,40500,8100,8100
trulia rentals,18100,1.04,LOW,37,navigational,ideas,22200,18100,18100,14800,14800,18100,18100,22200,18100,18100,18100,18100
summer rental,18100,1.96,LOW,15,transactional,ideas,18100,12100,27100,14800,12100,9900,9900,9900,12100,27100,22200,27100
car trailer rental,18100,2.3,MEDIUM,11,transactional,ideas,27100,22200,18100,14800,14800,14800,14800,18100,18100,18100,18100,18100
trencher rental,18100,0.97,MEDIUM,,transactional,ideas,22200,18100,18100,12100,8100,9900,12100,22200,22200,22200,22200,18100
american rental,18100,0.56,LOW,,commercial,ideas,18100,18100,18100,18100,18100,18100,18100,18100,18100,18100,18100,18100
vrbo vacation rentals,18100,1.2,LOW,100,navigational,ideas,33100,27100,22200,18100,18100,14800,6600,6600,6600,14800,22200,27100
event rentals,18100,3.1,LOW,61,commercial,ideas,18100,22200,22200,18100,14800,27100,12100,18100,14800,12100,12100,12100
dave's dvc rental,18100,0.4,LOW,17,navigational,ideas,14800,14800,18100,14800,14800,22200,18100,22200,22200,18100,18100,18100
houses for rent san antonio,18100,2.85,MEDIUM,5,transactional,ideas,18100,18100,14800,14800,14800,18100,18100,18100,18100,18100,18100,18100
avis rental,18100,2.33,MEDIUM,19,commercial,ideas,22200,18100,18100,18100,18100,14800,18100,22200,18100,18100,18100,18100
rent a pool,18100,1.01,LOW,24,transactional,ideas,27100,8100,3600,2900,2900,5400,6600,18100,22200,33100,49500,49500
go rentals,18100,1.35,LOW,27,commercial,ideas,14800,18100,18100,14800,18100,18100,18100,22200,18100,22200,22200,22200
rent 2 own,18100,0.6,LOW,19,commercial,ideas,14800,14800,18100,18100,18100,14800,14800,14800,14800,14800,33100,14800
houses for rent private owner,18100,1.39,MEDIUM,,transactional,ideas,18100,18100,14800,14800,14800,18100,22200,22200,18100,18100,18100,18100
cabins for rent near me,18100,1.1,MEDIUM,,transactional,ideas,27100,18100,22200,18100,14800,14800,12100,14800,14800,18100,22200,22200
slingshot rental,14800,1.47,MEDIUM,28,transactional,sugg_slingshot_rental,22200,12100,9900,5400,4400,6600,6600,18100,18100,22200,33100,22200
bluebonnet newspaper,14800,,LOW,9,informational,sugg_bluebonnet,18100,18100,18100,14800,14800,14800,14800,18100,14800,14800,14800,14800
bluebonnet ford in new braunfels,14800,1.79,HIGH,13,navigational,sugg_bluebonnet,14800,14800,14800,14800,14800,14800,14800,14800,14800,14800,14800,14800
bluebonnet news,14800,,LOW,6,informational,sugg_bluebonnet,18100,18100,18100,14800,14800,14800,14800,18100,14800,14800,14800,14800
bluebonnet ford,14800,1.79,HIGH,19,informational,sugg_bluebonnet,14800,14800,14800,14800,14800,14800,14800,14800,14800,14800,14800,14800
bluebonnet ford new braunfels tx,14800,1.79,HIGH,9,navigational,sugg_bluebonnet,14800,14800,14800,14800,14800,14800,14800,14800,14800,14800,14800,14800
bluebonnet ford new braunfels texas,14800,1.79,HIGH,12,navigational,sugg_bluebonnet,14800,14800,14800,14800,14800,14800,14800,14800,14800,14800,14800,14800
motorplex ennis tx,14800,1.74,LOW,7,navigational,sugg_ennis_tx,9900,14800,40500,12100,4400,5400,9900,49500,12100,9900,8100,6600
texas motorplex ennis tx,14800,1.74,LOW,14,navigational,sugg_ennis_tx,9900,14800,40500,12100,4400,5400,9900,49500,12100,9900,8100,6600
texas bluebonnet,12100,0.15,MEDIUM,8,informational,sugg_bluebonnet,8100,8100,6600,5400,5400,9900,9900,27100,22200,14800,9900,8100
bluebonnet electric company,12100,12.01,LOW,8,navigational,sugg_bluebonnet,12100,12100,12100,9900,12100,14800,9900,12100,12100,12100,12100,12100
bluebonnet electric cooperative,12100,12.01,LOW,8,navigational,sugg_bluebonnet,12100,12100,12100,9900,12100,14800,9900,12100,12100,12100,12100,12100
marble falls bluebonnet cafe,12100,2.54,LOW,4,navigational,sugg_bluebonnet,12100,9900,12100,12100,14800,9900,12100,14800,12100,14800,14800,14800
bluebonnet cafe in marble falls,12100,2.54,LOW,,navigational,sugg_bluebonnet,12100,9900,12100,12100,14800,9900,12100,14800,12100,14800,14800,14800
bluebonnet cafe marble falls tx,12100,2.54,LOW,1,navigational,sugg_bluebonnet,12100,9900,12100,12100,14800,9900,12100,14800,12100,14800,14800,14800
bluebonnet electric co,12100,12.01,LOW,5,navigational,sugg_bluebonnet,12100,12100,12100,9900,12100,14800,9900,12100,12100,12100,12100,12100
bluebonnet cafe,12100,2.54,LOW,7,navigational,sugg_bluebonnet,12100,9900,12100,12100,14800,9900,12100,14800,12100,14800,14800,14800
bluebonnet electric,12100,12.01,LOW,8,transactional,sugg_bluebonnet,12100,12100,12100,9900,12100,14800,9900,12100,12100,12100,12100,12100
bluebonnet trails williamson county,8100,18.13,LOW,,informational,sugg_bluebonnet,8100,8100,9900,6600,8100,8100,8100,12100,12100,8100,8100,8100
bluebonnet trail,8100,18.13,LOW,6,informational,sugg_bluebonnet,8100,8100,9900,6600,8100,8100,8100,12100,12100,8100,8100,8100
bluebonnet services,8100,18.13,LOW,1,navigational,sugg_bluebonnet,8100,8100,9900,6600,8100,8100,8100,12100,12100,8100,8100,8100
bluebonnet mhmr,8100,18.13,LOW,,navigational,sugg_bluebonnet,8100,8100,9900,6600,8100,8100,8100,12100,12100,8100,8100,8100
bluebonnet trails community services,8100,18.13,LOW,,navigational,sugg_bluebonnet,8100,8100,9900,6600,8100,8100,8100,12100,12100,8100,8100,8100
bluebonnet trails georgetown,8100,18.13,LOW,,informational,sugg_bluebonnet,8100,8100,9900,6600,8100,8100,8100,12100,12100,8100,8100,8100
bluebonnet trails,8100,18.13,LOW,6,informational,sugg_bluebonnet,8100,8100,9900,6600,8100,8100,8100,12100,12100,8100,8100,8100
bluebonnet service,8100,18.13,LOW,,navigational,sugg_bluebonnet,8100,8100,9900,6600,8100,8100,8100,12100,12100,8100,8100,8100
slingshot rental near me,6600,1.53,MEDIUM,25,transactional,sugg_slingshot_rental,9900,6600,4400,2400,2400,1900,3600,6600,8100,8100,9900,8100
price polaris slingshot,6600,1.55,LOW,14,transactional,sugg_polaris_slingshot,8100,6600,6600,3600,3600,2900,2900,4400,6600,9900,12100,12100
slingshot polaris price,6600,1.55,LOW,14,commercial,sugg_polaris_slingshot,8100,6600,6600,3600,3600,2900,2900,4400,6600,9900,12100,12100
polaris slingshot price,6600,1.55,LOW,14,commercial,sugg_polaris_slingshot,8100,6600,6600,3600,3600,2900,2900,4400,6600,9900,12100,12100
slingshot polaris cost,6600,1.55,LOW,,commercial,sugg_polaris_slingshot,8100,6600,6600,3600,3600,2900,2900,4400,6600,9900,12100,12100
cost of a polaris slingshot,6600,1.55,LOW,14,commercial,sugg_polaris_slingshot,8100,6600,6600,3600,3600,2900,2900,4400,6600,9900,12100,12100
polaris slingshot cost,6600,1.55,LOW,14,commercial,sugg_polaris_slingshot,8100,6600,6600,3600,3600,2900,2900,4400,6600,9900,12100,12100
slingshot by polaris price,6600,1.55,LOW,14,transactional,sugg_polaris_slingshot,8100,6600,6600,3600,3600,2900,2900,4400,6600,9900,12100,12100
polaris slingshot prices,6600,1.55,LOW,14,commercial,sugg_polaris_slingshot,8100,6600,6600,3600,3600,2900,2900,4400,6600,9900,12100,12100
polaris slingshot msrp,6600,1.55,LOW,60,transactional,sugg_polaris_slingshot,8100,6600,6600,3600,3600,2900,2900,4400,6600,9900,12100,12100
polaris slingshot s price,6600,1.55,LOW,14,commercial,sugg_polaris_slingshot,8100,6600,6600,3600,3600,2900,2900,4400,6600,9900,12100,12100
price for polaris slingshot,6600,1.55,LOW,14,commercial,sugg_polaris_slingshot,8100,6600,6600,3600,3600,2900,2900,4400,6600,9900,12100,12100
polaris slingshot pricing,6600,1.55,LOW,14,commercial,sugg_polaris_slingshot,8100,6600,6600,3600,3600,2900,2900,4400,6600,9900,12100,12100
bluebonnet flower,6600,0.16,MEDIUM,8,informational,sugg_bluebonnet,4400,5400,6600,5400,5400,6600,6600,12100,12100,8100,5400,4400
baton rouge general bluebonnet,6600,1.87,LOW,11,informational,sugg_bluebonnet,6600,6600,6600,5400,8100,6600,6600,6600,6600,8100,8100,8100
bluebonnet elementary,6600,2.68,LOW,28,navigational,sugg_bluebonnet,9900,6600,8100,5400,5400,6600,6600,6600,6600,6600,2900,3600
br general bluebonnet,6600,1.87,LOW,11,informational,sugg_bluebonnet,6600,6600,6600,5400,8100,6600,6600,6600,6600,8100,8100,8100
bluebonnet flowers,6600,0.16,MEDIUM,,informational,sugg_bluebonnet,4400,5400,6600,5400,5400,6600,6600,12100,12100,8100,5400,4400
flower bluebonnet,6600,0.16,MEDIUM,,informational,sugg_bluebonnet,4400,5400,6600,5400,5400,6600,6600,12100,12100,8100,5400,4400
ennis tx weather,6600,0.94,LOW,,informational,sugg_ennis_tx,5400,3600,5400,6600,5400,12100,5400,8100,14800,8100,6600,5400
weather in ennis tx,6600,0.94,LOW,,informational,sugg_ennis_tx,5400,3600,5400,6600,5400,12100,5400,8100,14800,8100,6600,5400
weather ennis tx,6600,0.94,LOW,,informational,sugg_ennis_tx,5400,3600,5400,6600,5400,12100,5400,8100,14800,8100,6600,5400
3 wheeler polaris slingshot,5400,0.18,LOW,,transactional,sugg_polaris_slingshot,5400,9900,5400,4400,4400,2900,2900,9900,6600,5400,8100,3600
polaris 3 wheel slingshot,5400,0.18,LOW,9,transactional,sugg_polaris_slingshot,5400,9900,5400,4400,4400,2900,2900,9900,6600,5400,8100,3600
polaris slingshot 3 wheel car,5400,0.18,LOW,10,transactional,sugg_polaris_slingshot,5400,9900,5400,4400,4400,2900,2900,9900,6600,5400,8100,3600
polaris slingshot 3 wheeler,5400,0.18,LOW,6,transactional,sugg_polaris_slingshot,5400,9900,5400,4400,4400,2900,2900,9900,6600,5400,8100,3600
three wheeled polaris slingshot,5400,0.18,LOW,5,transactional,sugg_polaris_slingshot,5400,9900,5400,4400,4400,2900,2900,9900,6600,5400,8100,3600
3 wheel polaris slingshot,5400,0.18,LOW,9,transactional,sugg_polaris_slingshot,5400,9900,5400,4400,4400,2900,2900,9900,6600,5400,8100,3600
polaris slingshot 3 wheel,5400,0.18,LOW,9,transactional,sugg_polaris_slingshot,5400,9900,5400,4400,4400,2900,2900,9900,6600,5400,8100,3600
3 wheel car polaris slingshot,5400,0.18,LOW,5,transactional,sugg_polaris_slingshot,5400,9900,5400,4400,4400,2900,2900,9900,6600,5400,8100,3600
3 wheeled polaris slingshot,5400,0.18,LOW,9,transactional,sugg_polaris_slingshot,5400,9900,5400,4400,4400,2900,2900,9900,6600,5400,8100,3600
three wheel polaris slingshot,5400,0.18,LOW,5,transactional,sugg_polaris_slingshot,5400,9900,5400,4400,4400,2900,2900,9900,6600,5400,8100,3600
polaris 3 wheeler slingshot,5400,0.18,LOW,12,transactional,sugg_polaris_slingshot,5400,9900,5400,4400,4400,2900,2900,9900,6600,5400,8100,3600
bluebonnet dodge ram,5400,2.19,HIGH,12,transactional,sugg_bluebonnet,6600,5400,5400,5400,6600,6600,5400,6600,5400,5400,4400,5400
bluebonnet dodge texas,5400,2.19,HIGH,3,navigational,sugg_bluebonnet,6600,5400,5400,5400,6600,6600,5400,6600,5400,5400,4400,5400
bluebonnet palace,5400,1.65,LOW,,navigational,sugg_bluebonnet,6600,5400,8100,6600,6600,4400,4400,4400,5400,6600,5400,5400
bluebonnet chrysler dodge,5400,2.19,HIGH,5,navigational,sugg_bluebonnet,6600,5400,5400,5400,6600,6600,5400,6600,5400,5400,4400,5400
bluebonnet seed,5400,0.9,HIGH,,informational,sugg_bluebonnet,2900,3600,6600,3600,2400,4400,5400,12100,14800,6600,2400,1600
bluebonnet chrysler,5400,2.19,HIGH,5,navigational,sugg_bluebonnet,6600,5400,5400,5400,6600,6600,5400,6600,5400,5400,4400,5400
bluebonnet palace selma tx,5400,1.65,LOW,,navigational,sugg_bluebonnet,6600,5400,8100,6600,6600,4400,4400,4400,5400,6600,5400,5400
bluebonnet seedling,5400,0.9,HIGH,,informational,sugg_bluebonnet,2900,3600,6600,3600,2400,4400,5400,12100,14800,6600,2400,1600
bluebonnet dodge new braunfels texas,5400,2.19,HIGH,,navigational,sugg_bluebonnet,6600,5400,5400,5400,6600,6600,5400,6600,5400,5400,4400,5400
bluebonnet palace selma,5400,1.65,LOW,,navigational,sugg_bluebonnet,6600,5400,8100,6600,6600,4400,4400,4400,5400,6600,5400,5400
bluebonnet dodge new braunfels,5400,2.19,HIGH,,navigational,sugg_bluebonnet,6600,5400,5400,5400,6600,6600,5400,6600,5400,5400,4400,5400
bluebonnet dodge,5400,2.19,HIGH,5,informational,sugg_bluebonnet,6600,5400,5400,5400,6600,6600,5400,6600,5400,5400,4400,5400
bluebonnet dodge in new braunfels,5400,2.19,HIGH,2,navigational,sugg_bluebonnet,6600,5400,5400,5400,6600,6600,5400,6600,5400,5400,4400,5400
bluebonnet curriculum,5400,10.57,LOW,7,informational,sugg_bluebonnet,9900,12100,5400,3600,2900,3600,4400,3600,3600,2900,6600,3600
bluebonnet seeds,5400,0.9,HIGH,,informational,sugg_bluebonnet,2900,3600,6600,3600,2400,4400,5400,12100,14800,6600,2400,1600
walmart ennis tx,5400,0.52,LOW,,navigational,sugg_ennis_tx,4400,4400,4400,5400,6600,5400,4400,5400,5400,5400,5400,5400
ennis tx walmart,5400,0.52,LOW,,navigational,sugg_ennis_tx,4400,4400,4400,5400,6600,5400,4400,5400,5400,5400,5400,5400
polaris slingshot for sale used,4400,0.39,LOW,,transactional,sugg_polaris_slingshot,2900,1900,2900,1600,1300,1600,2900,3600,33100,3600,2900,2400
used polaris slingshot sale,4400,0.39,LOW,,transactional,sugg_polaris_slingshot,2900,1900,2900,1600,1300,1600,2900,3600,33100,3600,2900,2400
polaris slingshot used for sale,4400,0.39,LOW,,transactional,sugg_polaris_slingshot,2900,1900,2900,1600,1300,1600,2900,3600,33100,3600,2900,2400
slingshot polaris for sale used,4400,0.39,LOW,,transactional,sugg_polaris_slingshot,2900,1900,2900,1600,1300,1600,2900,3600,33100,3600,2900,2400
used slingshot polaris for sale,4400,0.39,LOW,,transactional,sugg_polaris_slingshot,2900,1900,2900,1600,1300,1600,2900,3600,33100,3600,2900,2400
used polaris slingshot for sale,4400,0.39,LOW,,transactional,sugg_polaris_slingshot,2900,1900,2900,1600,1300,1600,2900,3600,33100,3600,2900,2400
bluebonnet brunch house,4400,0.31,LOW,,navigational,sugg_bluebonnet,4400,3600,3600,3600,3600,3600,4400,4400,4400,5400,4400,4400
texas bluebonnet seedling,4400,1.41,LOW,,informational,sugg_bluebonnet,1600,2400,1600,1300,720,2400,2400,12100,6600,8100,3600,9900
texas bluebonnet seeds,4400,1.41,LOW,,informational,sugg_bluebonnet,1600,2400,1600,1300,720,2400,2400,12100,6600,8100,3600,9900
bluebonnet bakery,4400,1.23,LOW,,navigational,sugg_bluebonnet,4400,3600,3600,4400,5400,3600,4400,4400,4400,4400,3600,3600
bluebonnet learning,4400,8.66,LOW,2,informational,sugg_bluebonnet,12100,9900,6600,4400,2400,4400,4400,3600,3600,2400,2400,2900
bluebonnet seeds texas,4400,1.41,LOW,,informational,sugg_bluebonnet,1600,2400,1600,1300,720,2400,2400,12100,6600,8100,3600,9900
texas bluebonnet seed,4400,1.41,LOW,,informational,sugg_bluebonnet,1600,2400,1600,1300,720,2400,2400,12100,6600,8100,3600,9900
dr in ennis tx,4400,1.97,LOW,,navigational,sugg_ennis_tx,5400,4400,4400,3600,3600,2400,2900,3600,3600,4400,5400,4400
drive in movie theater ennis tx,4400,1.97,LOW,,transactional,sugg_ennis_tx,5400,4400,4400,3600,3600,2400,2900,3600,3600,4400,5400,4400
drive-in movie ennis tx,4400,1.97,LOW,,navigational,sugg_ennis_tx,5400,4400,4400,3600,3600,2400,2900,3600,3600,4400,5400,4400
drive in movie theatre ennis tx,4400,1.97,LOW,,transactional,sugg_ennis_tx,5400,4400,4400,3600,3600,2400,2900,3600,3600,4400,5400,4400
drive-in movie theater ennis tx,4400,1.97,LOW,,navigational,sugg_ennis_tx,5400,4400,4400,3600,3600,2400,2900,3600,3600,4400,5400,4400
drive in ennis tx,4400,1.97,LOW,,navigational,sugg_ennis_tx,5400,4400,4400,3600,3600,2400,2900,3600,3600,4400,5400,4400
drive in movie ennis tx,4400,1.97,LOW,,transactional,sugg_ennis_tx,5400,4400,4400,3600,3600,2400,2900,3600,3600,4400,5400,4400
ennis tx drive in theater,4400,1.97,LOW,,navigational,sugg_ennis_tx,5400,4400,4400,3600,3600,2400,2900,3600,3600,4400,5400,4400
ennis tx drive in,4400,1.97,LOW,,navigational,sugg_ennis_tx,5400,4400,4400,3600,3600,2400,2900,3600,3600,4400,5400,4400
slingshot #polaris,3600,1.49,LOW,20,transactional,sugg_polaris_slingshot,4400,3600,3600,2400,2400,2400,2900,4400,4400,4400,3600,3600
slingshot polaris,3600,1.49,LOW,12,transactional,sugg_polaris_slingshot,4400,3600,3600,2400,2400,2400,2900,4400,4400,4400,3600,3600
bluebonnet texas,3600,0.27,MEDIUM,8,informational,sugg_bluebonnet,2400,2400,2400,1900,1900,2900,3600,9900,6600,4400,2400,1600
bluebonnet detention center,3600,13.21,LOW,,navigational,sugg_bluebonnet,3600,4400,4400,3600,4400,4400,3600,3600,3600,2900,2900,3600
wyndham bluebonnet orlando,3600,1.35,MEDIUM,26,navigational,sugg_bluebonnet,2900,2900,3600,3600,3600,5400,4400,4400,4400,2900,2900,2900
bluebonnet fields,3600,0.28,LOW,8,informational,sugg_bluebonnet,1900,1900,1600,1600,1900,2400,2400,9900,12100,2900,1900,1900
bluebonnet field,3600,0.28,LOW,7,informational,sugg_bluebonnet,1900,1900,1600,1600,1900,2400,2400,9900,12100,2900,1900,1900
slingshot motorcycle polaris,2900,1.27,LOW,6,transactional,sugg_polaris_slingshot,14800,9900,1000,1600,880,720,1000,1300,1300,2400,2400,590
motorcycle polaris slingshot,2900,1.27,LOW,,transactional,sugg_polaris_slingshot,14800,9900,1000,1600,880,720,1000,1300,1300,2400,2400,590
polaris motorcycle slingshot,2900,1.27,LOW,19,transactional,sugg_polaris_slingshot,14800,9900,1000,1600,880,720,1000,1300,1300,2400,2400,590
polaris slingshot motorcycle,2900,1.27,LOW,21,transactional,sugg_polaris_slingshot,14800,9900,1000,1600,880,720,1000,1300,1300,2400,2400,590
polaris slingshot bike,2900,1.27,LOW,21,transactional,sugg_polaris_slingshot,14800,9900,1000,1600,880,720,1000,1300,1300,2400,2400,590
pictures of the bluebonnet,2900,0.4,HIGH,,informational,sugg_bluebonnet,2400,1900,1900,1900,1600,1900,2400,5400,4400,2900,1900,1900
bluebonnet preserve,2900,1.91,LOW,,informational,sugg_bluebonnet,3600,2900,2900,2900,2900,2900,2400,2900,2900,2900,3600,2900
bluebonnet festivals,2900,,LOW,12,informational,sugg_bluebonnet,590,480,720,480,590,880,1600,8100,18100,1000,1000,590
texas bluebonnet festival,2900,,LOW,13,informational,sugg_bluebonnet,590,480,720,480,590,880,1600,8100,18100,1000,1000,590
picture of a bluebonnet,2900,0.4,HIGH,,informational,sugg_bluebonnet,2400,1900,1900,1900,1600,1900,2400,5400,4400,2900,1900,1900
bluebonnet festival texas,2900,,LOW,13,informational,sugg_bluebonnet,590,480,720,480,590,880,1600,8100,18100,1000,1000,590
images of bluebonnet,2900,0.4,HIGH,,informational,sugg_bluebonnet,2400,1900,1900,1900,1600,1900,2400,5400,4400,2900,1900,1900
bluebonnet imaging,2900,0.4,HIGH,,informational,sugg_bluebonnet,2400,1900,1900,1900,1600,1900,2400,5400,4400,2900,1900,1900
pictures of bluebonnet,2900,0.4,HIGH,,informational,sugg_bluebonnet,2400,1900,1900,1900,1600,1900,2400,5400,4400,2900,1900,1900
bluebonnet festival of texas,2900,,LOW,11,informational,sugg_bluebonnet,590,480,720,480,590,880,1600,8100,18100,1000,1000,590
bluebonnet bbq,2900,0.5,LOW,,navigational,sugg_bluebonnet,3600,2900,2900,2900,2900,2400,2400,3600,3600,3600,2900,2400
picture of the bluebonnet,2900,0.4,HIGH,,informational,sugg_bluebonnet,2400,1900,1900,1900,1600,1900,2400,5400,4400,2900,1900,1900
bluebonnet festival in texas,2900,,LOW,12,informational,sugg_bluebonnet,590,480,720,480,590,880,1600,8100,18100,1000,1000,590
bluebonnet images,2900,0.4,HIGH,,informational,sugg_bluebonnet,2400,1900,1900,1900,1600,1900,2400,5400,4400,2900,1900,1900
pictures of a bluebonnet,2900,0.4,HIGH,,informational,sugg_bluebonnet,2400,1900,1900,1900,1600,1900,2400,5400,4400,2900,1900,1900
brec's bluebonnet swamp nature center,2900,0.98,LOW,9,navigational,sugg_bluebonnet,1900,1900,2900,2900,2400,2400,2900,3600,2900,2400,2400,2400
bluebonnet image,2900,0.4,HIGH,,informational,sugg_bluebonnet,2400,1900,1900,1900,1600,1900,2400,5400,4400,2900,1900,1900
bluebonnet pics,2900,0.4,HIGH,,informational,sugg_bluebonnet,2400,1900,1900,1900,1600,1900,2400,5400,4400,2900,1900,1900
picture of bluebonnet,2900,0.4,HIGH,,informational,sugg_bluebonnet,2400,1900,1900,1900,1600,1900,2400,5400,4400,2900,1900,1900
bluebonnet photo,2900,0.4,HIGH,,informational,sugg_bluebonnet,2400,1900,1900,1900,1600,1900,2400,5400,4400,2900,1900,1900
bluebonnet barbecue,2900,0.5,LOW,,informational,sugg_bluebonnet,3600,2900,2900,2900,2900,2400,2400,3600,3600,3600,2900,2400
bluebonnet photos,2900,0.4,HIGH,,informational,sugg_bluebonnet,2400,1900,1900,1900,1600,1900,2400,5400,4400,2900,1900,1900
bluebonnet festival,2900,,LOW,13,informational,sugg_bluebonnet,590,480,720,480,590,880,1600,8100,18100,1000,1000,590
bluebonnet pictures,2900,0.4,HIGH,,informational,sugg_bluebonnet,2400,1900,1900,1900,1600,1900,2400,5400,4400,2900,1900,1900
bluebonnet picture,2900,0.4,HIGH,,informational,sugg_bluebonnet,2400,1900,1900,1900,1600,1900,2400,5400,4400,2900,1900,1900
bluebonnet festivals in texas,2900,,LOW,13,informational,sugg_bluebonnet,590,480,720,480,590,880,1600,8100,18100,1000,1000,590
bluebonnet pic,2900,0.4,HIGH,,informational,sugg_bluebonnet,2400,1900,1900,1900,1600,1900,2400,5400,4400,2900,1900,1900
restaurant ennis tx,2900,0.41,LOW,,navigational,sugg_ennis_tx,3600,2900,3600,2900,2900,2400,2900,3600,4400,2900,2900,2900
restaurants in ennis tx,2900,0.41,LOW,,commercial,sugg_ennis_tx,3600,2900,3600,2900,2900,2400,2900,3600,4400,2900,2900,2900
jobs ennis tx,2900,0.67,LOW,6,informational,sugg_ennis_tx,2900,2900,2900,2400,2400,2900,2900,2900,2900,2900,2900,2900
ennis ford inc ennis tx,2900,2.06,HIGH,7,navigational,sugg_ennis_tx,2900,2900,3600,2900,3600,2900,2900,2900,2900,2900,2900,2900
ennis tx jobs,2900,0.67,LOW,,informational,sugg_ennis_tx,2900,2900,2900,2400,2400,2900,2900,2900,2900,2900,2900,2900
h e b ennis tx,2900,2.28,LOW,12,navigational,sugg_ennis_tx,2900,2900,2400,2900,3600,2900,2400,2400,2900,2900,2400,2400
ennis ford tx,2900,2.06,HIGH,7,navigational,sugg_ennis_tx,2900,2900,3600,2900,3600,2900,2900,2900,2900,2900,2900,2900
h-e-b ennis tx,2900,2.28,LOW,18,navigational,sugg_ennis_tx,2900,2900,2400,2900,3600,2900,2400,2400,2900,2900,2400,2400
heb ennis tx,2900,2.28,LOW,18,navigational,sugg_ennis_tx,2900,2900,2400,2900,3600,2900,2400,2400,2900,2900,2400,2400
ennis ford ennis tx,2900,2.06,HIGH,7,navigational,sugg_ennis_tx,2900,2900,3600,2900,3600,2900,2900,2900,2900,2900,2900,2900
ennis tx restaurants,2900,0.41,LOW,,commercial,sugg_ennis_tx,3600,2900,3600,2900,2900,2400,2900,3600,4400,2900,2900,2900
city of ennis tx jobs,2900,0.67,LOW,5,navigational,sugg_ennis_tx,2900,2900,2900,2400,2400,2900,2900,2900,2900,2900,2900,2900
jobs in ennis tx,2900,0.67,LOW,6,informational,sugg_ennis_tx,2900,2900,2900,2400,2400,2900,2900,2900,2900,2900,2900,2900
restaurants ennis tx,2900,0.41,LOW,,commercial,sugg_ennis_tx,3600,2900,3600,2900,2900,2400,2900,3600,4400,2900,2900,2900
bluebonnet trail ennis,2400,5.85,LOW,12,navigational,sugg_bluebonnet,390,320,320,390,260,480,1300,6600,12100,1900,880,590
the waters at bluebonnet,2400,0.97,LOW,,informational,sugg_bluebonnet,2400,1600,1600,1600,1600,2400,2400,2400,2900,2900,2900,3600
bluebonnet massage spa dallas,2400,2.73,LOW,1,navigational,sugg_bluebonnet,1900,2400,1900,1900,2400,2400,2900,2900,2900,2900,2400,2900
bluebonnet jeep,2400,2.33,HIGH,18,transactional,sugg_bluebonnet,3600,2900,2900,2900,2900,2900,2900,2400,1300,1300,1000,1000
bluebonnet massage irving,2400,3.74,LOW,8,commercial,sugg_bluebonnet,2900,2900,2400,2400,2400,2400,2400,2400,2400,2400,2900,2900
bluebonnet swamp baton rouge,2400,0.49,LOW,9,informational,sugg_bluebonnet,1900,1900,2400,2400,1900,1900,2400,2900,2400,1900,1900,1900
bluebonnet jeep dealership,2400,2.33,HIGH,,navigational,sugg_bluebonnet,3600,2900,2900,2900,2900,2900,2900,2400,1300,1300,1000,1000
bluebonnet feeds,2400,1.23,HIGH,2,informational,sugg_bluebonnet,2400,2400,2400,2400,1900,2400,2400,2400,2400,1900,1900,1900
bluebonnet trails ennis,2400,5.85,LOW,11,navigational,sugg_bluebonnet,390,320,320,390,260,480,1300,6600,12100,1900,880,590
ennis bluebonnet trail,2400,5.85,LOW,10,navigational,sugg_bluebonnet,390,320,320,390,260,480,1300,6600,12100,1900,880,590
ennis bluebonnet trails an april driving route,2400,0.13,LOW,11,navigational,sugg_bluebonnet,390,390,480,390,320,390,720,5400,18100,1300,480,390
bluebonnet swamp,2400,0.49,LOW,9,informational,sugg_bluebonnet,1900,1900,2400,2400,1900,1900,2400,2900,2400,1900,1900,1900
bluebonnet park,2400,1.02,LOW,13,navigational,sugg_bluebonnet,1300,2400,1600,1900,880,720,1300,4400,8100,2400,2400,1300
bluebonnet swamp nature center,2400,0.49,LOW,9,navigational,sugg_bluebonnet,1900,1900,2400,2400,1900,1900,2400,2900,2400,1900,1900,1900
bluebonnet learning portal,2400,9.08,LOW,1,navigational,sugg_bluebonnet,3600,2900,2900,1900,1600,2400,2400,1900,1900,1300,1600,1900
jeep bluebonnet,2400,2.33,HIGH,18,transactional,sugg_bluebonnet,3600,2900,2900,2900,2900,2900,2900,2400,1300,1300,1000,1000
bluebonnet diner,2400,0.51,LOW,23,navigational,sugg_bluebonnet,2900,2400,2900,2900,2400,2400,2400,2900,2400,2900,2400,2900
bluebonnet hills funeral home & memorial park,2400,1.65,LOW,1,navigational,sugg_bluebonnet,2400,1900,1900,1900,2400,2400,2900,2900,2400,3600,2900,1900
bluebonnet massage irving tx,2400,3.74,LOW,8,commercial,sugg_bluebonnet,2900,2900,2400,2400,2400,2400,2400,2400,2400,2400,2900,2900
bluebonnet feed,2400,1.23,HIGH,2,informational,sugg_bluebonnet,2400,2400,2400,2400,1900,2400,2400,2400,2400,1900,1900,1900
is it illegal to pick a bluebonnet in texas,2400,,LOW,,informational,sugg_bluebonnet,720,590,480,390,320,390,590,12100,8100,2400,1300,720
bluebonnet swamp nature center baton rouge,2400,0.49,LOW,9,navigational,sugg_bluebonnet,1900,1900,2400,2400,1900,1900,2400,2900,2400,1900,1900,1900
ennis bluebonnet trails,2400,5.85,LOW,11,informational,sugg_bluebonnet,390,320,320,390,260,480,1300,6600,12100,1900,880,590
houses for sale ennis tx,2400,0.99,MEDIUM,,transactional,sugg_ennis_tx,2900,2400,2400,1900,2400,2900,2900,2900,2900,2900,2400,2400
house for sale ennis tx,2400,0.99,MEDIUM,,transactional,sugg_ennis_tx,2900,2400,2400,1900,2400,2900,2900,2900,2900,2900,2400,2400
fbm property ennis tx,2400,5.42,LOW,,navigational,sugg_ennis_tx,2900,2400,2400,1900,1900,2400,2400,2400,2400,2400,2400,2400
ennis regional hospital ennis tx,2400,5.23,LOW,,navigational,sugg_ennis_tx,2400,2400,2400,1900,2400,2400,2900,2900,2400,2400,2400,2400
homes in ennis tx for sale,2400,0.99,MEDIUM,,transactional,sugg_ennis_tx,2900,2400,2400,1900,2400,2900,2900,2900,2900,2900,2400,2400
ennis tx homes for sale,2400,0.99,MEDIUM,,transactional,sugg_ennis_tx,2900,2400,2400,1900,2400,2900,2900,2900,2900,2900,2400,2400
house for sale in ennis tx,2400,0.99,MEDIUM,,transactional,sugg_ennis_tx,2900,2400,2400,1900,2400,2900,2900,2900,2900,2900,2400,2400
ennis regional medical center ennis tx,2400,5.23,LOW,,navigational,sugg_ennis_tx,2400,2400,2400,1900,2400,2400,2900,2900,2400,2400,2400,2400
fbm property management ennis tx,2400,5.42,LOW,,navigational,sugg_ennis_tx,2900,2400,2400,1900,1900,2400,2400,2400,2400,2400,2400,2400
homes for sale ennis tx,2400,0.99,MEDIUM,,transactional,sugg_ennis_tx,2900,2400,2400,1900,2400,2900,2900,2900,2900,2900,2400,2400
fbm properties ennis tx,2400,5.42,LOW,,navigational,sugg_ennis_tx,2900,2400,2400,1900,1900,2400,2400,2400,2400,2400,2400,2400
houses for sale in ennis tx,2400,0.99,MEDIUM,,transactional,sugg_ennis_tx,2900,2400,2400,1900,2400,2900,2900,2900,2900,2900,2400,2400
home for sale ennis tx,2400,0.99,MEDIUM,,transactional,sugg_ennis_tx,2900,2400,2400,1900,2400,2900,2900,2900,2900,2900,2400,2400
homes for sale in ennis tx,2400,0.99,MEDIUM,,transactional,sugg_ennis_tx,2900,2400,2400,1900,2400,2900,2900,2900,2900,2900,2400,2400
polaris slingshot rental,1900,1.82,LOW,11,transactional,sugg_slingshot_rental,2900,1900,1300,880,1600,720,1000,2400,2400,2900,2900,2400
slingshot polaris rental,1900,1.82,LOW,19,transactional,sugg_slingshot_rental,2900,1900,1300,880,1600,720,1000,2400,2400,2900,2900,2400
slingshot miami rental,1900,1.93,HIGH,4,transactional,sugg_slingshot_rental,1600,1300,1600,1600,1600,1900,1900,2400,1900,1900,1600,1900
slingshot rental miami,1900,1.93,HIGH,10,transactional,sugg_slingshot_rental,1600,1300,1600,1600,1600,1900,1900,2400,1900,1900,1600,1900
miami slingshot rental,1900,1.93,HIGH,4,transactional,sugg_slingshot_rental,1600,1300,1600,1600,1600,1900,1900,2400,1900,1900,1600,1900
rental polaris slingshot,1900,1.82,LOW,11,transactional,sugg_slingshot_rental,2900,1900,1300,880,1600,720,1000,2400,2400,2900,2900,2400
slingshot polaris for rent,1900,1.82,LOW,22,transactional,sugg_polaris_slingshot,2900,1900,1300,880,1600,720,1000,2400,2400,2900,2900,2400
rent a polaris slingshot,1900,1.82,LOW,22,transactional,sugg_polaris_slingshot,2900,1900,1300,880,1600,720,1000,2400,2400,2900,2900,2400
renting a polaris slingshot,1900,1.82,LOW,22,transactional,sugg_polaris_slingshot,2900,1900,1300,880,1600,720,1000,2400,2400,2900,2900,2400
polaris slingshot rentals,1900,1.82,LOW,11,commercial,sugg_polaris_slingshot,2900,1900,1300,880,1600,720,1000,2400,2400,2900,2900,2400
renting polaris slingshot,1900,1.82,LOW,28,transactional,sugg_polaris_slingshot,2900,1900,1300,880,1600,720,1000,2400,2400,2900,2900,2400
polaris slingshot for rent,1900,1.82,LOW,22,transactional,sugg_polaris_slingshot,2900,1900,1300,880,1600,720,1000,2400,2400,2900,2900,2400
rent polaris slingshot,1900,1.82,LOW,22,transactional,sugg_polaris_slingshot,2900,1900,1300,880,1600,720,1000,2400,2400,2900,2900,2400
bluebonnet dermatology,1900,2.9,LOW,,informational,sugg_bluebonnet,1600,1900,1600,1600,1900,1900,1600,1600,1900,1600,1900,1900
bluebonnet vet south lamar,1900,10.52,LOW,,navigational,sugg_bluebonnet,1900,1900,1900,1600,1600,1900,1600,1900,1900,1900,1900,1900
bend on bluebonnet,1900,1.76,LOW,,informational,sugg_bluebonnet,2400,1600,1600,1900,1900,2400,1900,1600,1900,1900,1900,1900
bluebonnet festival ennis tx,1900,,LOW,10,informational,sugg_bluebonnet,110,110,170,110,210,390,1000,6600,14800,590,260,90
bluebonnet festival ennis texas,1900,,LOW,9,navigational,sugg_bluebonnet,110,110,170,110,210,390,1000,6600,14800,590,260,90
bluebonnet learning k-5 math,1900,6.44,LOW,,informational,sugg_bluebonnet,2900,4400,3600,2400,1300,1900,1600,1000,720,390,260,210
bluebonnet animal hospital austin,1900,10.52,LOW,,navigational,sugg_bluebonnet,1900,1900,1900,1600,1600,1900,1600,1900,1900,1900,1900,1900
ennis bluebonnet festival,1900,,LOW,7,informational,sugg_bluebonnet,110,110,170,110,210,390,1000,6600,14800,590,260,90
bluebonnet vet austin,1900,10.52,LOW,,navigational,sugg_bluebonnet,1900,1900,1900,1600,1600,1900,1600,1900,1900,1900,1900,1900
bluebonnet festival ennis,1900,,LOW,7,informational,sugg_bluebonnet,110,110,170,110,210,390,1000,6600,14800,590,260,90
bluebonnet learning k--5 math,1900,6.44,LOW,,informational,sugg_bluebonnet,2900,4400,3600,2400,1300,1900,1600,1000,720,390,260,210
ennis texas bluebonnet festival,1900,,LOW,9,informational,sugg_bluebonnet,110,110,170,110,210,390,1000,6600,14800,590,260,90
bluebonnet tattoo,1900,1.43,LOW,,informational,sugg_bluebonnet,2400,1900,1900,1600,1300,1600,1900,3600,2400,2400,1900,1900
bluebonnet vet clinic austin,1900,10.52,LOW,,navigational,sugg_bluebonnet,1900,1900,1900,1600,1600,1900,1600,1900,1900,1900,1900,1900
bluebonnet tattoos,1900,1.43,LOW,,informational,sugg_bluebonnet,2400,1900,1900,1600,1300,1600,1900,3600,2400,2400,1900,1900
bluebonnet learning k 5 math,1900,6.44,LOW,,informational,sugg_bluebonnet,2900,4400,3600,2400,1300,1900,1600,1000,720,390,260,210
ennis tx bluebonnet festival,1900,,LOW,9,navigational,sugg_bluebonnet,110,110,170,110,210,390,1000,6600,14800,590,260,90
bluebonnet festival in ennis,1900,,LOW,10,informational,sugg_bluebonnet,110,110,170,110,210,390,1000,6600,14800,590,260,90
bluebonnet animal hospital,1900,10.52,LOW,,navigational,sugg_bluebonnet,1900,1900,1900,1600,1600,1900,1600,1900,1900,1900,1900,1900
hotels ennis tx,1900,3.7,HIGH,,navigational,sugg_ennis_tx,1600,2400,1900,1600,1000,1900,1900,4400,1900,1600,1900,1600
hotels in ennis tx,1900,3.7,HIGH,,commercial,sugg_ennis_tx,1600,2400,1900,1600,1000,1900,1900,4400,1900,1600,1900,1600
ennis tx hotels,1900,3.7,HIGH,,navigational,sugg_ennis_tx,1600,2400,1900,1600,1000,1900,1900,4400,1900,1600,1900,1600
hotel ennis tx,1900,3.7,HIGH,,navigational,sugg_ennis_tx,1600,2400,1900,1600,1000,1900,1900,4400,1900,1600,1900,1600
ennis hotels tx,1900,3.7,HIGH,,navigational,sugg_ennis_tx,1600,2400,1900,1600,1000,1900,1900,4400,1900,1600,1900,1600
slingshot for rental,1600,1.29,MEDIUM,28,transactional,sugg_slingshot_rental,2400,1600,1000,590,480,590,720,2400,2400,2900,3600,2900
slingshot car rental,1600,1.23,MEDIUM,27,transactional,sugg_slingshot_rental,2400,1600,1000,590,590,590,880,1900,1900,2400,2400,1900
bluebonnet meat market,1600,1.37,LOW,,navigational,sugg_bluebonnet,2900,1900,1900,1900,1600,1000,1000,1600,1300,1300,1000,1000
bluebonnet beer,1600,0.03,LOW,,informational,sugg_bluebonnet,1900,1600,1900,1300,1300,1600,1600,2400,1900,1900,1900,1900
bluebonnet brewery,1600,0.03,LOW,,navigational,sugg_bluebonnet,1900,1600,1900,1300,1300,1600,1600,2400,1900,1900,1900,1900
burnet bluebonnet festival,1600,,LOW,,informational,sugg_bluebonnet,210,260,260,210,390,590,1000,2900,12100,390,170,140
bluebonnet trails elementary,1600,4.7,LOW,,navigational,sugg_bluebonnet,2400,1900,1600,1300,1000,1600,1900,1900,1900,1900,720,880
bluebonnet meat co,1600,1.37,LOW,,navigational,sugg_bluebonnet,2900,1900,1900,1900,1600,1000,1000,1600,1300,1300,1000,1000
bluebonnet festival burnet tx,1600,,LOW,2,informational,sugg_bluebonnet,210,260,260,210,390,590,1000,2900,12100,390,170,140
party time bluebonnet,1600,12.53,LOW,9,informational,sugg_bluebonnet,1000,1300,3600,1600,1900,1900,1900,1600,1300,1600,1000,1000
bluebonnet brewing,1600,0.03,LOW,,navigational,sugg_bluebonnet,1900,1600,1900,1300,1300,1600,1600,2400,1900,1900,1900,1900
bluebonnet vitamins,1600,1.16,HIGH,,informational,sugg_bluebonnet,1600,1600,1600,1300,1600,1900,1600,1600,1600,1600,1300,1600
bluebonnet flowers in texas,1600,0.06,HIGH,8,informational,sugg_bluebonnet,1000,1000,880,590,390,1600,6600,5400,1600,1000,590,480
bluebonnet festival burnet,1600,,LOW,2,informational,sugg_bluebonnet,210,260,260,210,390,590,1000,2900,12100,390,170,140
texas bluebonnet flowers,1600,0.06,HIGH,8,informational,sugg_bluebonnet,1000,1000,880,590,390,1600,6600,5400,1600,1000,590,480
party time on bluebonnet,1600,12.53,LOW,8,informational,sugg_bluebonnet,1000,1300,3600,1600,1900,1900,1900,1600,1300,1600,1000,1000
burnet texas bluebonnet festival,1600,,LOW,7,informational,sugg_bluebonnet,210,260,260,210,390,590,1000,2900,12100,390,170,140
bluebonnet festival in burnet texas,1600,,LOW,3,informational,sugg_bluebonnet,210,260,260,210,390,590,1000,2900,12100,390,170,140
party time bluebonnet baton rouge,1600,12.53,LOW,7,informational,sugg_bluebonnet,1000,1300,3600,1600,1900,1900,1900,1600,1300,1600,1000,1000
texas flower bluebonnet,1600,0.06,HIGH,8,informational,sugg_bluebonnet,1000,1000,880,590,390,1600,6600,5400,1600,1000,590,480
bluebonnet chrysler dodge jeep ram,1600,2.72,LOW,6,commercial,sugg_bluebonnet,10,10,10,10,10,20,30,3600,3600,3600,3600,3600
bluebonnet drawing,1600,0.08,HIGH,,informational,sugg_bluebonnet,1600,1600,1300,1600,1300,1300,1600,2400,2400,2400,720,590
bluebonnet math,1600,4.95,LOW,6,informational,sugg_bluebonnet,3600,2900,1900,1600,1000,1600,1600,1300,1600,1000,1000,1000
bluebonnet grill san antonio,1600,0.05,LOW,,commercial,sugg_bluebonnet,1900,1600,1600,1300,1600,1300,1600,1900,1600,1600,1600,1600
bluebonnet seed for sale,1600,0.92,HIGH,,transactional,sugg_bluebonnet,720,1300,1600,1300,720,1000,1600,3600,2900,1600,720,720
ennis tx zip,1600,,LOW,,navigational,sugg_ennis_tx,1600,1600,1600,1300,1600,1300,1300,1600,1600,1600,1600,1600
blackland ennis tx,1600,1.36,LOW,,informational,sugg_ennis_tx,1600,1300,1600,1300,1300,1000,1300,1600,1300,1600,1900,1600
ennis state bank ennis tx,1600,6.3,LOW,,navigational,sugg_ennis_tx,1900,1900,1900,1600,1900,1600,1300,1900,1600,1600,1300,1300
silverton village ennis tx,1600,2.16,LOW,,navigational,sugg_ennis_tx,1900,1600,1600,1600,1600,1300,1300,1600,1600,1600,1900,1900
zip code ennis tx,1600,,LOW,,informational,sugg_ennis_tx,1600,1600,1600,1300,1600,1300,1300,1600,1600,1600,1600,1600
silverton apartments ennis tx,1600,2.16,LOW,,navigational,sugg_ennis_tx,1900,1600,1600,1600,1600,1300,1300,1600,1600,1600,1900,1900
keever mortuary ennis tx,1600,3.7,LOW,,navigational,sugg_ennis_tx,1900,1600,2400,1600,1600,1600,1000,1000,880,1300,1300,1300
blackland building supply ennis tx,1600,1.36,LOW,,navigational,sugg_ennis_tx,1600,1300,1600,1300,1300,1000,1300,1600,1300,1600,1900,1600
apartments in ennis tx,1600,1.59,HIGH,,commercial,sugg_ennis_tx,1900,1900,1600,1300,1300,1600,1600,1600,1600,1600,1600,1600
apartments ennis tx,1600,1.59,HIGH,,commercial,sugg_ennis_tx,1900,1900,1600,1300,1300,1600,1600,1600,1600,1600,1600,1600
city of ennis tx,1600,,LOW,15,navigational,sugg_ennis_tx,1300,1300,1600,1300,1300,1600,1300,1600,1600,1300,1900,1600
ennis tx apartments,1600,1.59,HIGH,,commercial,sugg_ennis_tx,1900,1900,1600,1300,1300,1600,1600,1600,1600,1600,1600,1600
ennis tx zip code,1600,,LOW,,informational,sugg_ennis_tx,1600,1600,1600,1300,1600,1300,1300,1600,1600,1600,1600,1600
silverton village apartments ennis tx,1600,2.16,LOW,,commercial,sugg_ennis_tx,1900,1600,1600,1600,1600,1300,1300,1600,1600,1600,1900,1900
houston slingshot rental,1300,1.97,LOW,21,transactional,sugg_slingshot_rental,1600,1600,1600,1300,880,880,1000,2400,1600,1300,1600,1600
slingshot rental las vegas,1300,3.08,HIGH,1,transactional,sugg_slingshot_rental,1600,1600,1600,1000,720,880,1300,1900,1600,1300,1300,1000
slingshot rental houston,1300,1.97,LOW,4,transactional,sugg_slingshot_rental,1600,1600,1600,1300,880,880,1000,2400,1600,1300,1600,1600
slingshot rental houston texas,1300,1.97,LOW,2,transactional,sugg_slingshot_rental,1600,1600,1600,1300,880,880,1000,2400,1600,1300,1600,1600
houston slingshot rental llc houston tx,1300,1.97,LOW,8,navigational,sugg_slingshot_rental,1600,1600,1600,1300,880,880,1000,2400,1600,1300,1600,1600
slingshot rental in houston,1300,1.97,LOW,21,transactional,sugg_slingshot_rental,1600,1600,1600,1300,880,880,1000,2400,1600,1300,1600,1600
used polaris slingshot,1300,0.37,LOW,,transactional,sugg_polaris_slingshot,1600,1300,1000,720,720,720,880,1600,1600,1900,1600,1300
used slingshot by polaris,1300,0.37,LOW,,transactional,sugg_polaris_slingshot,1600,1300,1000,720,720,720,880,1600,1600,1900,1600,1300
top speed of polaris slingshot,1300,0.01,LOW,,informational,sugg_polaris_slingshot,1600,1300,1600,720,720,720,880,1300,1600,1900,1900,1600
slingshot polaris for sale near me,1300,1.08,MEDIUM,,transactional,sugg_polaris_slingshot,1000,880,1000,1000,1300,1300,880,2900,1300,1600,1300,1300
top speed polaris slingshot,1300,0.01,LOW,,transactional,sugg_polaris_slingshot,1600,1300,1600,720,720,720,880,1300,1600,1900,1900,1600
polaris slingshot top speed,1300,0.01,LOW,,transactional,sugg_polaris_slingshot,1600,1300,1600,720,720,720,880,1300,1600,1900,1900,1600
top speed for polaris slingshot,1300,0.01,LOW,,informational,sugg_polaris_slingshot,1600,1300,1600,720,720,720,880,1300,1600,1900,1900,1600
top speed of a polaris slingshot,1300,0.01,LOW,,informational,sugg_polaris_slingshot,1600,1300,1600,720,720,720,880,1300,1600,1900,1900,1600
polaris slingshot for sale near me,1300,1.08,MEDIUM,,transactional,sugg_polaris_slingshot,1000,880,1000,1000,1300,1300,880,2900,1300,1600,1300,1300
polaris slingshot 3 wheel motorcycle,1300,,LOW,,transactional,sugg_polaris_slingshot,1600,320,1600,1900,1000,210,320,720,3600,4400,320,480
polaris slingshot second hand,1300,0.37,LOW,,transactional,sugg_polaris_slingshot,1600,1300,1000,720,720,720,880,1600,1600,1900,1600,1300
polaris slingshot performance specs,1300,0.01,LOW,,informational,sugg_polaris_slingshot,1600,1300,1600,720,720,720,880,1300,1600,1900,1900,1600
slingshot polaris top speed,1300,0.01,LOW,,transactional,sugg_polaris_slingshot,1600,1300,1600,720,720,720,880,1300,1600,1900,1900,1600
polaris slingshot autocycle,1300,0.02,LOW,22,transactional,sugg_polaris_slingshot,1600,1600,2400,390,1000,1300,590,1300,880,1300,1600,1000
polaris slingshot used,1300,0.37,LOW,,transactional,sugg_polaris_slingshot,1600,1300,1000,720,720,720,880,1600,1600,1900,1600,1300
quality inn ennis tx,1300,3.05,LOW,,navigational,sugg_ennis_tx,590,1000,1300,1300,1000,1300,1600,2400,1300,1300,1600,1600
planet fitness ennis tx,1300,1.43,LOW,,navigational,sugg_ennis_tx,170,140,140,12100,320,390,260,320,320,320,320,320
motel 6 ennis tx,1300,3.37,MEDIUM,,navigational,sugg_ennis_tx,1300,1000,1300,1300,1000,1000,1000,1900,1600,1300,1600,1600
boze mitchell funeral home in ennis tx,1300,2.27,LOW,,navigational,sugg_ennis_tx,1300,880,1300,880,1900,2400,1900,1300,880,1000,1300,1000
tractor supply ennis tx,1300,0.22,LOW,,commercial,sugg_ennis_tx,1300,1300,1300,1300,1300,1900,1300,1600,1300,1600,1300,1300
pizza hut ennis tx,1300,0.39,LOW,,navigational,sugg_ennis_tx,1300,1000,1300,1000,1300,1300,1000,1000,1000,1300,1000,1000
motel 6 ennis tx ennis tx,1300,3.37,MEDIUM,,navigational,sugg_ennis_tx,1300,1000,1300,1300,1000,1000,1000,1900,1600,1300,1600,1600
boze mitchell funeral home ennis tx,1300,2.27,LOW,,navigational,sugg_ennis_tx,1300,880,1300,880,1900,2400,1900,1300,880,1000,1300,1000
polaris slingshot motorcycle rental las vegas las vegas nv,1000,2.6,HIGH,,transactional,sugg_slingshot_rental,1600,1600,1300,880,720,720,1000,1600,1300,1000,880,880
las vegas polaris slingshot rental,1000,2.6,HIGH,,transactional,sugg_slingshot_rental,1600,1600,1300,880,720,720,1000,1600,1300,1000,880,880
vegas slingshot rental,1000,2.6,HIGH,4,transactional,sugg_slingshot_rental,1600,1600,1300,880,720,720,1000,1600,1300,1000,880,880
polaris slingshot rental las vegas,1000,2.6,HIGH,,transactional,sugg_slingshot_rental,1600,1600,1300,880,720,720,1000,1600,1300,1000,880,880
slingshot rental in las vegas,1000,2.6,HIGH,5,transactional,sugg_slingshot_rental,1600,1600,1300,880,720,720,1000,1600,1300,1000,880,880
las vegas slingshot rental,1000,2.6,HIGH,,transactional,sugg_slingshot_rental,1600,1600,1300,880,720,720,1000,1600,1300,1000,880,880
slingshot rental vegas,1000,2.6,HIGH,,transactional,sugg_slingshot_rental,1600,1600,1300,880,720,720,1000,1600,1300,1000,880,880
north atlanta slingshot rental,1000,2.74,LOW,3,transactional,sugg_slingshot_rental,2900,1600,880,260,260,260,390,1000,1600,1000,1900,720
slingshot rental in vegas,1000,2.6,HIGH,,transactional,sugg_slingshot_rental,1600,1600,1300,880,720,720,1000,1600,1300,1000,880,880
polaris slingshot motorcycle rental las vegas,1000,2.6,HIGH,1,transactional,sugg_slingshot_rental,1600,1600,1300,880,720,720,1000,1600,1300,1000,880,880
slingshot polaris accessories,1000,0.5,HIGH,5,transactional,sugg_polaris_slingshot,1000,1000,720,720,720,720,720,1000,1000,1300,2400,1000
polaris slingshot rentals las vegas,1000,2.6,HIGH,3,transactional,sugg_polaris_slingshot,1600,1600,1300,880,720,720,1000,1600,1300,1000,880,880
polaris slingshot accessories,1000,0.5,HIGH,5,transactional,sugg_polaris_slingshot,1000,1000,720,720,720,720,720,1000,1000,1300,2400,1000
polaris slingshot dealers near me,1000,1.98,MEDIUM,,transactional,sugg_polaris_slingshot,1300,1000,1000,480,390,480,590,1300,1600,1300,1600,1300
accessories for polaris slingshot,1000,0.5,HIGH,5,transactional,sugg_polaris_slingshot,1000,1000,720,720,720,720,720,1000,1000,1300,2400,1000
polaris slingshot dealership near me,1000,1.98,MEDIUM,1,transactional,sugg_polaris_slingshot,1300,1000,1000,480,390,480,590,1300,1600,1300,1600,1300
polaris slingshot dealer near me,1000,1.98,MEDIUM,,transactional,sugg_polaris_slingshot,1300,1000,1000,480,390,480,590,1300,1600,1300,1600,1300
slingshot accessories polaris,1000,0.5,HIGH,5,transactional,sugg_polaris_slingshot,1000,1000,720,720,720,720,720,1000,1000,1300,2400,1000
houses for rent in ennis tx,1000,1.05,MEDIUM,,transactional,sugg_ennis_tx,1300,1000,880,880,1000,1300,1300,1300,1300,1300,1000,1000
cvs ennis tx,1000,0.42,LOW,,navigational,sugg_ennis_tx,1000,1300,1300,1000,1300,1000,1000,1000,880,1000,1000,880
galaxy drive-in movie theatre ennis tx,1000,,LOW,,navigational,sugg_ennis_tx,1900,2400,1000,590,590,590,1300,590,720,1000,1600,1600
galaxy drive in ennis tx,1000,,LOW,,navigational,sugg_ennis_tx,1900,2400,1000,590,590,590,1300,590,720,1000,1600,1600
ennis tx rental homes,1000,1.05,MEDIUM,,transactional,sugg_ennis_tx,1300,1000,880,880,1000,1300,1300,1300,1300,1300,1000,1000
galaxy drive in movie ennis tx,1000,,LOW,,transactional,sugg_ennis_tx,1900,2400,1000,590,590,590,1300,590,720,1000,1600,1600
house for rent in ennis tx,1000,1.05,MEDIUM,,transactional,sugg_ennis_tx,1300,1000,880,880,1000,1300,1300,1300,1300,1300,1000,1000
houses in ennis tx for rent,1000,1.05,MEDIUM,,transactional,sugg_ennis_tx,1300,1000,880,880,1000,1300,1300,1300,1300,1300,1000,1000
houses rent ennis tx,1000,1.05,MEDIUM,,transactional,sugg_ennis_tx,1300,1000,880,880,1000,1300,1300,1300,1300,1300,1000,1000
houses for rent ennis tx,1000,1.05,MEDIUM,,transactional,sugg_ennis_tx,1300,1000,880,880,1000,1300,1300,1300,1300,1300,1000,1000
rental homes ennis tx,1000,1.05,MEDIUM,,transactional,sugg_ennis_tx,1300,1000,880,880,1000,1300,1300,1300,1300,1300,1000,1000
galaxy drive in theater ennis tx,1000,,LOW,,navigational,sugg_ennis_tx,1900,2400,1000,590,590,590,1300,590,720,1000,1600,1600
homes for rent in ennis tx,1000,1.05,MEDIUM,,transactional,sugg_ennis_tx,1300,1000,880,880,1000,1300,1300,1300,1300,1300,1000,1000
rent houses ennis tx,1000,1.05,MEDIUM,,transactional,sugg_ennis_tx,1300,1000,880,880,1000,1300,1300,1300,1300,1300,1000,1000
house for rent ennis tx,1000,1.05,MEDIUM,,transactional,sugg_ennis_tx,1300,1000,880,880,1000,1300,1300,1300,1300,1300,1000,1000
ennis tx homes for rent,1000,1.05,MEDIUM,,transactional,sugg_ennis_tx,1300,1000,880,880,1000,1300,1300,1300,1300,1300,1000,1000
rent house ennis tx,1000,1.05,MEDIUM,,navigational,sugg_ennis_tx,1300,1000,880,880,1000,1300,1300,1300,1300,1300,1000,1000
galaxy drive in movie theater ennis tx,1000,,LOW,,transactional,sugg_ennis_tx,1900,2400,1000,590,590,590,1300,590,720,1000,1600,1600
boze mitchell mckibbin obituaries ennis tx,1000,,LOW,,informational,sugg_ennis_tx,1000,720,1000,880,1300,1300,880,1300,880,880,1000,1000
walgreens ennis tx,1000,0.35,LOW,,navigational,sugg_ennis_tx,880,880,1000,1000,1300,1000,1000,1000,1000,1000,1000,1000
galaxy drive in movie theatre ennis tx,1000,,LOW,,transactional,sugg_ennis_tx,1900,2400,1000,590,590,590,1300,590,720,1000,1600,1600
rent homes ennis tx,1000,1.05,MEDIUM,,navigational,sugg_ennis_tx,1300,1000,880,880,1000,1300,1300,1300,1300,1300,1000,1000
homes for rent ennis tx,1000,1.05,MEDIUM,,transactional,sugg_ennis_tx,1300,1000,880,880,1000,1300,1300,1300,1300,1300,1000,1000
polaris slingshot rental myrtle beach,880,1.17,LOW,,transactional,sugg_slingshot_rental,320,170,20,10,10,10,10,20,30,3600,6600,70
slingshot rental dallas,880,1.62,MEDIUM,2,transactional,sugg_slingshot_rental,880,720,720,480,320,260,480,880,590,1300,2900,1000
slingshot rental atlanta,880,1.71,MEDIUM,,transactional,sugg_slingshot_rental,1300,1000,720,210,210,210,390,1000,1300,880,1600,1000
polaris slingshot rental near me,880,1.61,MEDIUM,13,transactional,sugg_slingshot_rental,1600,880,1900,320,170,210,390,720,880,1300,1000,1000
dallas slingshot rental,880,1.62,MEDIUM,1,transactional,sugg_slingshot_rental,880,720,720,480,320,260,480,880,590,1300,2900,1000
atlanta slingshot rental,880,1.71,MEDIUM,,transactional,sugg_slingshot_rental,1300,1000,720,210,210,210,390,1000,1300,880,1600,1000
slingshot polaris 0 60,880,,LOW,,transactional,sugg_polaris_slingshot,1300,880,1000,590,480,480,590,720,720,880,880,880
polaris slingshot zero to 60,880,,LOW,,transactional,sugg_polaris_slingshot,1300,880,1000,590,480,480,590,720,720,880,880,880
2024 polaris slingshot,880,1.89,LOW,,transactional,sugg_polaris_slingshot,1300,1300,1000,1000,880,1000,880,390,480,390,320,320
rent polaris slingshot near me,880,1.61,MEDIUM,1,transactional,sugg_polaris_slingshot,1600,880,1900,320,170,210,390,720,880,1300,1000,1000
2023 polaris slingshot,880,1.41,LOW,,transactional,sugg_polaris_slingshot,1900,1300,1000,880,590,720,590,590,390,390,480,480
polaris slingshot 0 to 60,880,,LOW,,transactional,sugg_polaris_slingshot,1300,880,1000,590,480,480,590,720,720,880,880,880
polaris slingshot rentals myrtle beach,880,1.17,LOW,,transactional,sugg_polaris_slingshot,320,170,20,10,10,10,10,20,30,3600,6600,70
polaris slingshot rentals near me,880,1.61,MEDIUM,,transactional,sugg_polaris_slingshot,1600,880,1900,320,170,210,390,720,880,1300,1000,1000
polaris slingshot 0 60,880,,LOW,,transactional,sugg_polaris_slingshot,1300,880,1000,590,480,480,590,720,720,880,880,880
polaris slingshot 0-60,880,,LOW,,transactional,sugg_polaris_slingshot,1300,880,1000,590,480,480,590,720,720,880,880,880
slingshot polaris 0-60,880,,LOW,,transactional,sugg_polaris_slingshot,1300,880,1000,590,480,480,590,720,720,880,880,880
polaris slingshot for rent near me,880,1.61,MEDIUM,7,transactional,sugg_polaris_slingshot,1600,880,1900,320,170,210,390,720,880,1300,1000,1000
rent a polaris slingshot near me,880,1.61,MEDIUM,1,transactional,sugg_polaris_slingshot,1600,880,1900,320,170,210,390,720,880,1300,1000,1000
polaris slingshot trike,880,,LOW,11,transactional,sugg_polaris_slingshot,2400,3600,1000,480,590,720,210,720,390,260,70,110
ennis care center ennis tx,880,6.04,LOW,2,navigational,sugg_ennis_tx,720,720,720,720,590,720,720,880,720,880,1000,1300
funeral homes in ennis tx,880,1.24,LOW,,commercial,sugg_ennis_tx,880,880,1000,720,880,1000,1000,1300,720,1000,1000,880
rental slingshot,720,1.37,MEDIUM,21,transactional,sugg_slingshot_rental,1000,720,590,320,170,210,320,880,1000,1000,1600,1000
pocono slingshot rental,720,1.14,LOW,2,transactional,sugg_slingshot_rental,1600,1300,1000,210,140,140,170,260,390,720,1300,1300
slingshot rental myrtle beach sc,720,1.48,LOW,,transactional,sugg_slingshot_rental,1000,880,390,170,90,170,260,1000,1300,1900,1000,880
poconos slingshot rental,720,1.14,LOW,,commercial,sugg_slingshot_rental,1600,1300,1000,210,140,140,170,260,390,720,1300,1300
galveston slingshot rental,720,0.81,LOW,4,navigational,sugg_slingshot_rental,1000,720,590,590,390,390,320,1000,1000,1000,1000,1000
myrtle beach slingshot rental,720,1.14,LOW,,transactional,sugg_slingshot_rental,1000,590,320,170,170,170,210,720,1000,1300,1000,1300
slingshot rental myrtle beach,720,1.48,LOW,,transactional,sugg_slingshot_rental,1000,880,390,170,90,170,260,1000,1300,1900,1000,880
rental slingshot near me,720,1.36,MEDIUM,19,transactional,sugg_slingshot_rental,720,480,390,260,210,260,480,880,880,1000,1600,1000
slingshot by polaris specs,720,0.14,LOW,8,transactional,sugg_polaris_slingshot,1000,880,720,590,390,390,480,590,590,880,1000,880
polaris slingshot hp,720,0.14,LOW,,transactional,sugg_polaris_slingshot,1000,880,720,590,390,390,480,590,590,880,1000,880
polaris slingshot horsepower,720,0.14,LOW,,transactional,sugg_polaris_slingshot,1000,880,720,590,390,390,480,590,590,880,1000,880
how much is a polaris slingshot,720,1.37,LOW,9,informational,sugg_polaris_slingshot,1000,720,880,320,320,320,320,590,720,1000,1000,1000
polaris slingshot 4 seat,720,1.2,LOW,1,transactional,sugg_polaris_slingshot,1300,880,720,390,390,390,480,880,1000,1000,1000,880
polaris slingshot r,720,1.51,LOW,2,transactional,sugg_polaris_slingshot,720,590,590,390,880,390,390,720,720,1000,880,880
2026 polaris slingshot,720,1.26,LOW,15,transactional,sugg_polaris_slingshot,320,320,590,390,590,480,590,1300,1300,1600,1000,720
polaris slingshot specifications,720,0.14,LOW,2,informational,sugg_polaris_slingshot,1000,880,720,590,390,390,480,590,590,880,1000,880
polaris slingshot specs,720,0.14,LOW,8,informational,sugg_polaris_slingshot,1000,880,720,590,390,390,480,590,590,880,1000,880
how much for polaris slingshot,720,1.37,LOW,,commercial,sugg_polaris_slingshot,1000,720,880,320,320,320,320,590,720,1000,1000,1000
how much are polaris slingshot,720,1.37,LOW,,informational,sugg_polaris_slingshot,1000,720,880,320,320,320,320,590,720,1000,1000,1000
polaris slingshot how much,720,1.37,LOW,,commercial,sugg_polaris_slingshot,1000,720,880,320,320,320,320,590,720,1000,1000,1000
4 seater polaris slingshot,720,1.2,LOW,2,transactional,sugg_polaris_slingshot,1300,880,720,390,390,390,480,880,1000,1000,1000,880
polaris slingshot 4 seater,720,1.2,LOW,11,transactional,sugg_polaris_slingshot,1300,880,720,390,390,390,480,880,1000,1000,1000,880
how much is polaris slingshot,720,1.37,LOW,,commercial,sugg_polaris_slingshot,1000,720,880,320,320,320,320,590,720,1000,1000,1000
how much polaris slingshot,720,1.37,LOW,,informational,sugg_polaris_slingshot,1000,720,880,320,320,320,320,590,720,1000,1000,1000
slingshot polaris specs,720,0.14,LOW,8,transactional,sugg_polaris_slingshot,1000,880,720,590,390,390,480,590,590,880,1000,880
panama city beach slingshot rental,590,0.74,HIGH,,transactional,sugg_slingshot_rental,880,590,480,170,210,140,260,880,880,720,1000,880
slingshot rental panama city beach,590,0.74,HIGH,,transactional,sugg_slingshot_rental,880,590,480,170,210,140,260,880,880,720,1000,880
engine in polaris slingshot,590,0.11,LOW,5,transactional,sugg_polaris_slingshot,880,590,720,480,320,320,320,480,590,720,880,880
gas mileage for polaris slingshot,590,,LOW,,commercial,sugg_polaris_slingshot,720,590,590,320,260,260,390,720,880,1300,1000,720
mpg for polaris slingshot,590,,LOW,,informational,sugg_polaris_slingshot,720,590,590,320,260,260,390,720,880,1300,1000,720
2016 slingshot polaris,590,0.66,LOW,,transactional,sugg_polaris_slingshot,720,720,590,480,480,390,480,720,720,720,720,720
slingshot polaris motor,590,0.11,LOW,7,transactional,sugg_polaris_slingshot,880,590,720,480,320,320,320,480,590,720,880,880
slingshot polaris 2016,590,0.66,LOW,,transactional,sugg_polaris_slingshot,720,720,590,480,480,390,480,720,720,720,720,720
polaris slingshot dealer,590,3.61,LOW,,navigational,sugg_polaris_slingshot,1000,590,720,260,260,390,480,590,720,1000,590,590
mpg on polaris slingshot,590,,LOW,,informational,sugg_polaris_slingshot,720,590,590,320,260,260,390,720,880,1300,1000,720
polaris slingshot with 4 wheels,590,2.52,LOW,,transactional,sugg_polaris_slingshot,880,720,590,390,320,390,390,480,590,880,720,880
slingshot polaris engine,590,0.11,LOW,,transactional,sugg_polaris_slingshot,880,590,720,480,320,320,320,480,590,720,880,880
polaris slingshot roofs,590,0.6,LOW,,transactional,sugg_polaris_slingshot,880,720,720,390,320,390,390,720,590,720,720,590
slingshot polaris sl,590,0.58,LOW,25,transactional,sugg_polaris_slingshot,390,390,1900,260,1000,170,320,480,320,590,880,590
4 wheeled polaris slingshot,590,2.52,LOW,,transactional,sugg_polaris_slingshot,880,720,590,390,320,390,390,480,590,880,720,880
polaris slingshot gas mileage,590,,LOW,1,informational,sugg_polaris_slingshot,720,590,590,320,260,260,390,720,880,1300,1000,720
polaris slingshot 2016,590,0.66,LOW,,transactional,sugg_polaris_slingshot,720,720,590,480,480,390,480,720,720,720,720,720
cycle trader polaris slingshot,590,4.63,LOW,,transactional,sugg_polaris_slingshot,880,880,1300,10,40,390,70,2900,1000,30,20,40
gas mileage of polaris slingshot,590,,LOW,,commercial,sugg_polaris_slingshot,720,590,590,320,260,260,390,720,880,1300,1000,720
polaris slingshot motorcycle for sale,590,0.12,LOW,,transactional,sugg_polaris_slingshot,720,170,390,480,320,1000,2400,720,480,480,70,40
polaris slingshot miles per gallon,590,,LOW,,informational,sugg_polaris_slingshot,720,590,590,320,260,260,390,720,880,1300,1000,720
slingshot polaris mpg,590,,LOW,1,transactional,sugg_polaris_slingshot,720,590,590,320,260,260,390,720,880,1300,1000,720
cycle trader polaris slingshot for sale,590,,LOW,,transactional,sugg_polaris_slingshot,2900,2400,590,30,70,260,10,50,10,10,10,10
polaris slingshot rooftop,590,0.6,LOW,,transactional,sugg_polaris_slingshot,880,720,720,390,320,390,390,720,590,720,720,590
polaris slingshot 4 wheel,590,2.52,LOW,,transactional,sugg_polaris_slingshot,880,720,590,390,320,390,390,480,590,880,720,880
polaris slingshot fuel economy,590,,LOW,,commercial,sugg_polaris_slingshot,720,590,590,320,260,260,390,720,880,1300,1000,720
polaris slingshot dealership,590,3.61,LOW,13,navigational,sugg_polaris_slingshot,1000,590,720,260,260,390,480,590,720,1000,590,590
polaris slingshot sl,590,0.58,LOW,3,transactional,sugg_polaris_slingshot,390,390,1900,260,1000,170,320,480,320,590,880,590
2016 polaris slingshot,590,0.66,LOW,,transactional,sugg_polaris_slingshot,720,720,590,480,480,390,480,720,720,720,720,720
polaris slingshot 4 wheels,590,2.52,LOW,,transactional,sugg_polaris_slingshot,880,720,590,390,320,390,390,480,590,880,720,880
polaris slingshot bike for sale,590,0.12,LOW,,transactional,sugg_polaris_slingshot,720,170,390,480,320,1000,2400,720,480,480,70,40
4 wheel polaris slingshot,590,2.52,LOW,,transactional,sugg_polaris_slingshot,880,720,590,390,320,390,390,480,590,880,720,880
polaris slingshot mileage,590,,LOW,,informational,sugg_polaris_slingshot,720,590,590,320,260,260,390,720,880,1300,1000,720
polaris slingshot roof,590,0.6,LOW,,transactional,sugg_polaris_slingshot,880,720,720,390,320,390,390,720,590,720,720,590
polaris slingshot mpg,590,,LOW,,transactional,sugg_polaris_slingshot,720,590,590,320,260,260,390,720,880,1300,1000,720
2025 polaris slingshot,590,1.44,LOW,4,transactional,sugg_polaris_slingshot,1000,720,1000,480,390,260,1300,880,480,390,390,260
polaris slingshot motor,590,0.11,LOW,9,transactional,sugg_polaris_slingshot,880,590,720,480,320,320,320,480,590,720,880,880
slingshot mpg polaris,590,,LOW,,transactional,sugg_polaris_slingshot,720,590,590,320,260,260,390,720,880,1300,1000,720
gas mileage polaris slingshot,590,,LOW,1,commercial,sugg_polaris_slingshot,720,590,590,320,260,260,390,720,880,1300,1000,720
daytona slingshot rental,480,2.39,LOW,,transactional,sugg_slingshot_rental,390,320,390,320,320,390,480,590,590,480,480,590
slingshot rental orlando,480,1.6,HIGH,2,transactional,sugg_slingshot_rental,480,390,480,320,260,390,390,720,720,590,590,590
slingshot rental in orlando,480,1.6,HIGH,2,transactional,sugg_slingshot_rental,480,390,480,320,260,390,390,720,720,590,590,590
cloud of goods slingshot rental,480,0.11,LOW,,transactional,sugg_slingshot_rental,3600,720,590,720,20,20,70,110,20,70,40,20
orlando slingshot rental,480,1.6,HIGH,2,transactional,sugg_slingshot_rental,480,390,480,320,260,390,390,720,720,590,590,590
slingshot rental galveston,390,1.07,LOW,1,transactional,sugg_slingshot_rental,590,390,320,320,140,140,210,590,590,590,590,480
slingshot car rental near me,390,1.38,MEDIUM,3,transactional,sugg_slingshot_rental,480,320,210,90,110,110,170,390,590,590,720,720
slingshot for rental near me,390,1.67,MEDIUM,25,transactional,sugg_slingshot_rental,480,320,210,170,110,110,170,390,590,590,720,480
slingshot rental chicago,390,1.71,MEDIUM,,transactional,sugg_slingshot_rental,590,320,70,40,30,40,90,390,480,880,1300,720
slingshot rental san antonio,320,0.82,MEDIUM,12,transactional,sugg_slingshot_rental,590,320,390,210,140,170,260,260,110,320,720,480
slingshot rental gatlinburg tennessee,320,1.02,MEDIUM,,transactional,sugg_slingshot_rental,480,390,320,170,110,90,170,390,390,390,390,320
slingshot rental gatlinburg tn,320,1.02,MEDIUM,,transactional,sugg_slingshot_rental,480,390,320,170,110,90,170,390,390,390,390,320
gatlinburg slingshot rental,320,1.02,MEDIUM,,transactional,sugg_slingshot_rental,480,390,320,170,110,90,170,390,390,390,390,320
turo slingshot rental,320,0.73,LOW,13,transactional,sugg_slingshot_rental,480,1000,170,90,90,90,140,320,390,390,480,390
slingshot rental california,320,1.94,MEDIUM,,transactional,sugg_slingshot_rental,390,260,320,140,140,210,390,480,320,320,320,390
slingshot rental in gatlinburg,320,1.02,MEDIUM,,transactional,sugg_slingshot_rental,480,390,320,170,110,90,170,390,390,390,390,320
slingshot rental los angeles,320,1.94,MEDIUM,,transactional,sugg_slingshot_rental,390,260,320,140,140,210,390,480,320,320,320,390
los angeles slingshot rental,320,1.94,MEDIUM,,transactional,sugg_slingshot_rental,390,260,320,140,140,210,390,480,320,320,320,390
slingshot rental gatlinburg,320,1.02,MEDIUM,,transactional,sugg_slingshot_rental,480,390,320,170,110,90,170,390,390,390,390,320
slingshot rental detroit,260,2.89,LOW,,commercial,sugg_slingshot_rental,590,210,90,20,30,30,50,90,260,480,880,720
gulf shores slingshot rental,260,1.39,LOW,20,transactional,sugg_slingshot_rental,320,260,210,140,90,110,170,320,320,390,480,480
slingshot rental pigeon forge,260,1.22,MEDIUM,,commercial,sugg_slingshot_rental,390,390,260,70,70,30,90,260,260,320,390,390
slingshot rental fort lauderdale,210,2.06,HIGH,,transactional,sugg_slingshot_rental,210,140,140,140,210,170,210,320,260,260,210,260
slingshot rental daytona,210,1.32,MEDIUM,,transactional,sugg_slingshot_rental,210,170,260,110,110,170,320,480,260,210,210,210
4 seater slingshot rental,210,1.79,MEDIUM,1,transactional,sugg_slingshot_rental,260,260,170,110,90,90,140,260,260,320,390,260
slingshot rental tampa,210,1.36,HIGH,,transactional,sugg_slingshot_rental,210,210,210,170,210,170,170,260,260,210,210,170
daytona beach slingshot rental,210,1.32,MEDIUM,2,transactional,sugg_slingshot_rental,210,170,260,110,110,170,320,480,260,210,210,210
slingshot rental daytona beach,210,1.32,MEDIUM,,transactional,sugg_slingshot_rental,210,170,260,110,110,170,320,480,260,210,210,210
slingshot rental turo,210,0.28,LOW,13,transactional,sugg_slingshot_rental,260,210,140,90,50,70,110,260,260,320,390,320
slingshot rental gulf shores,170,1.37,LOW,17,transactional,sugg_slingshot_rental,320,210,170,70,50,40,90,210,170,170,260,320
md slingshot rental,170,2.13,LOW,,transactional,sugg_slingshot_rental,320,140,110,30,20,30,50,140,320,260,390,320
slingshot rental puerto rico,170,2.14,LOW,,transactional,sugg_slingshot_rental,40,30,40,20,90,140,480,390,320,210,170,210
chicago slingshot rental,170,1.76,MEDIUM,,transactional,sugg_slingshot_rental,320,140,70,40,20,40,50,140,170,390,390,390
slingshot rental jacksonville fl,140,1.35,HIGH,2,transactional,sugg_slingshot_rental,140,140,140,140,70,50,110,210,210,140,210,210
cheap slingshot rental near me,140,1.39,MEDIUM,21,transactional,sugg_slingshot_rental,260,170,140,70,30,30,70,170,140,170,210,140
slingshot rental honolulu,140,2.29,HIGH,,transactional,sugg_slingshot_rental,170,170,170,110,90,170,110,110,140,110,170,70
slingshot rental virginia beach,140,1.12,LOW,,transactional,sugg_slingshot_rental,260,140,50,20,10,20,30,90,140,170,320,320
slingshot rental-philadelphia,140,1.65,MEDIUM,,commercial,sugg_slingshot_rental,260,170,50,30,10,30,20,140,170,320,320,170
slingshot rental south padre island,140,1.49,LOW,15,transactional,sugg_slingshot_rental,140,70,70,90,90,40,110,260,110,210,260,320
slingshot rental atlanta ga,140,1.85,HIGH,,transactional,sugg_slingshot_rental,110,70,70,30,30,50,70,260,210,140,320,210
gi jade slingshot rental,140,,LOW,,transactional,sugg_slingshot_rental,170,170,110,70,40,40,70,210,170,210,260,210
slingshot rental nyc,140,0.44,HIGH,,transactional,sugg_slingshot_rental,320,90,50,20,20,20,30,70,110,210,320,210
4 seater slingshot rental near me,140,1.55,MEDIUM,1,transactional,sugg_slingshot_rental,210,140,90,70,30,30,70,140,170,170,260,210
polaris slingshot rental panama city beach,140,0.93,MEDIUM,1,transactional,sugg_slingshot_rental,720,880,140,10,10,10,10,10,10,20,20,30
slingshot rental in philadelphia,140,1.65,MEDIUM,,transactional,sugg_slingshot_rental,260,170,50,30,10,30,20,140,170,320,320,170
polaris slingshot 4 seater rental,140,,LOW,23,transactional,sugg_slingshot_rental,210,260,90,20,50,140,140,260,90,140,170,40
cheapest slingshot rental near me,140,1.39,MEDIUM,21,transactional,sugg_slingshot_rental,260,170,140,70,30,30,70,170,140,170,210,140
slingshot rental nashville,140,2.55,MEDIUM,,commercial,sugg_slingshot_rental,260,140,110,70,40,20,50,170,260,210,260,210
slingshot rental philadelphia,140,1.65,MEDIUM,,transactional,sugg_slingshot_rental,260,170,50,30,10,30,20,140,170,320,320,170
slingshot rental san diego,110,2.04,MEDIUM,,transactional,sugg_slingshot_rental,170,90,90,70,50,110,90,140,170,90,140,210
slingshot rental new orleans,110,1.95,LOW,,transactional,sugg_slingshot_rental,110,110,110,90,70,70,90,140,110,110,110,90
slingshot rental poconos,110,1.68,MEDIUM,1,transactional,sugg_slingshot_rental,260,210,170,30,40,20,20,50,50,110,210,210
slingshot rental charlotte nc,110,2.66,LOW,,commercial,sugg_slingshot_rental,140,110,50,40,20,20,40,140,260,170,210,140
san diego slingshot rental,110,2.04,MEDIUM,,transactional,sugg_slingshot_rental,170,90,90,70,50,110,90,140,170,90,140,210
slingshot rental maui,110,2.02,HIGH,,transactional,sugg_slingshot_rental,110,90,110,90,110,170,110,90,110,170,170,140
slingshot rental pcb,110,0.72,HIGH,,transactional,sugg_slingshot_rental,140,90,70,20,20,40,40,170,170,170,210,210
slingshot rental destin fl,110,1.94,HIGH,,transactional,sugg_slingshot_rental,140,70,50,20,30,50,70,210,170,170,210,170
slingshot rental st augustine,110,1.24,HIGH,1,commercial,sugg_slingshot_rental,110,90,110,90,90,70,90,140,110,110,110,140
slingshot rental richmond va,110,1.33,LOW,,transactional,sugg_slingshot_rental,210,110,70,20,20,30,40,110,140,170,210,170
might as well ride slingshot rental,110,,LOW,,transactional,sugg_slingshot_rental,170,70,70,50,40,50,50,90,170,170,170,110
dfw slingshot rental,110,1.85,LOW,,transactional,sugg_slingshot_rental,70,90,110,70,50,50,110,110,90,140,210,170
cleveland slingshot rental,90,1.93,LOW,,commercial,sugg_slingshot_rental,170,70,40,10,20,20,30,30,70,170,260,140
slingshot rental milwaukee,90,1.74,LOW,,commercial,sugg_slingshot_rental,110,50,30,10,10,10,10,50,90,260,260,170
slingshot rental orlando florida,90,1.61,HIGH,6,transactional,sugg_slingshot_rental,50,30,50,30,20,40,50,110,140,170,170,170
slingshot atlanta rental,90,1.13,HIGH,,transactional,sugg_slingshot_rental,110,70,50,40,40,30,70,170,210,140,140,70
branson slingshot rental,90,0.56,LOW,,commercial,sugg_slingshot_rental,170,90,70,20,10,10,20,70,90,170,140,170
slingshot rental destin,90,1.8,MEDIUM,,transactional,sugg_slingshot_rental,140,110,50,30,10,30,20,140,110,110,110,140
slingshot rental orange beach,90,1.48,MEDIUM,1,transactional,sugg_slingshot_rental,170,110,90,30,30,20,50,110,110,110,110,170
slingshot rental price,90,0.9,LOW,,commercial,sugg_slingshot_rental,140,70,50,40,30,40,50,110,110,110,170,140
slingshot rental prices,90,0.9,LOW,20,commercial,sugg_slingshot_rental,140,70,50,40,30,40,50,110,110,110,170,140
slingshot car for rental,90,1.14,MEDIUM,27,transactional,sugg_slingshot_rental,110,90,50,40,30,70,70,110,140,170,140,140
turo slingshot rental near me,90,0.42,LOW,7,transactional,sugg_slingshot_rental,170,90,50,20,30,20,30,70,90,140,170,170
slingshot rental fort myers,90,0.96,HIGH,,transactional,sugg_slingshot_rental,40,50,50,90,90,90,70,210,90,70,70,70
houston slingshot rental prices,90,3.33,LOW,5,transactional,sugg_slingshot_rental,70,90,70,70,30,50,70,170,110,90,90,90
slingshot rental nj,90,0.95,MEDIUM,,transactional,sugg_slingshot_rental,260,50,40,10,10,20,20,70,90,140,210,140
slingshot rental houston tx,90,3.22,HIGH,8,transactional,sugg_slingshot_rental,70,70,90,70,50,70,90,170,90,90,70,110
slingshot rental key west,90,1.12,MEDIUM,,transactional,sugg_slingshot_rental,70,70,70,70,70,90,70,140,110,90,110,90
nj slingshot rental,90,2.32,LOW,,commercial,sugg_slingshot_rental,170,90,70,20,20,30,50,90,140,140,170,170
slingshot rental miami beach,90,2.11,MEDIUM,2,transactional,sugg_slingshot_rental,110,70,70,50,50,70,90,110,90,90,40,170
slingshot rental austin,70,1.33,HIGH,,commercial,sugg_slingshot_rental,90,70,50,40,30,40,70,90,50,50,70,70
slingshot rental pensacola beach,70,1.24,LOW,,transactional,sugg_slingshot_rental,210,170,40,10,10,10,20,20,50,50,50,70
slingshot rental waikiki,70,2.51,HIGH,,transactional,sugg_slingshot_rental,70,90,50,70,70,90,70,50,70,90,70,110
6 seater slingshot rental,70,2.3,LOW,,transactional,sugg_slingshot_rental,40,10,10,10,10,10,10,30,40,110,480,110
slingshot rental greenville sc,70,2.5,LOW,,transactional,sugg_slingshot_rental,70,70,40,20,20,10,20,90,90,110,140,90
slingshot rental rhode island,70,3.53,LOW,,transactional,sugg_slingshot_rental,210,50,20,10,10,10,10,20,50,140,170,210
slingshot rental baltimore,70,2.27,LOW,,commercial,sugg_slingshot_rental,110,50,30,10,10,10,20,70,140,90,140,90
slingshot rental kansas city,70,2.19,LOW,,commercial,sugg_slingshot_rental,110,110,70,20,10,10,30,110,90,110,140,110
slingshot rental prices near me,70,1.41,LOW,21,transactional,sugg_slingshot_rental,140,90,70,20,20,20,30,50,70,50,70,70
polaris slingshot rental in las vegas,70,2.91,HIGH,,transactional,sugg_slingshot_rental,70,50,50,40,50,30,40,110,90,90,70,70
slingshot rental obx,70,2.25,LOW,,transactional,sugg_slingshot_rental,170,110,40,10,10,10,10,30,70,90,140,110
slingshot rental ct,70,1.65,LOW,,transactional,sugg_slingshot_rental,110,50,20,10,10,10,10,50,70,90,170,140
slingshot rental birmingham al,70,2.5,LOW,,transactional,sugg_slingshot_rental,110,90,110,10,10,20,40,90,110,70,90,50
houston downtown slingshot rental,70,,MEDIUM,9,commercial,sugg_slingshot_rental,110,90,70,70,50,70,50,140,70,90,40,10
slingshot rental pensacola,70,4.32,LOW,,commercial,sugg_slingshot_rental,90,90,70,20,10,30,40,90,70,70,110,70
slingshot rental branson mo,70,0.56,LOW,,transactional,sugg_slingshot_rental,110,110,70,10,20,10,20,70,90,110,140,170
slingshot book rental,70,,LOW,16,transactional,sugg_slingshot_rental,170,90,70,40,70,90,40,40,50,70,90,50
slingshot rental near me cheap,70,1.49,LOW,21,transactional,sugg_slingshot_rental,110,50,40,20,10,10,30,70,70,140,140,110
florida slingshot rental,70,1.7,MEDIUM,15,transactional,sugg_slingshot_rental,70,50,40,40,50,70,70,140,70,110,70,50
cheap slingshot rental,70,1.62,MEDIUM,7,transactional,sugg_slingshot_rental,90,90,50,40,40,40,50,50,70,70,110,70
destin slingshot rental,70,1.35,LOW,,transactional,sugg_slingshot_rental,140,70,40,20,10,20,10,90,90,90,70,70
polaris slingshot las vegas rental,70,2.91,HIGH,,transactional,sugg_slingshot_rental,70,50,50,40,50,30,40,110,90,90,70,70
slingshot rental price near me,70,1.41,LOW,,transactional,sugg_slingshot_rental,140,90,70,20,20,20,30,50,70,50,70,70
slingshot motorcycle rental,70,1.14,LOW,30,transactional,sugg_slingshot_rental,110,50,50,30,30,30,50,140,90,90,90,70
slingshot rental galveston tx,70,3.23,LOW,1,transactional,sugg_slingshot_rental,90,70,70,70,20,20,50,140,50,40,70,70
polaris slingshot rental vegas,70,2.91,HIGH,,commercial,sugg_slingshot_rental,70,50,50,40,50,30,40,110,90,90,70,70
slingshot rental in miami,70,2.17,HIGH,4,transactional,sugg_slingshot_rental,70,50,50,30,40,50,50,90,110,90,90,70
slingshot rental louisville ky,70,1.65,LOW,,transactional,sugg_slingshot_rental,110,70,40,10,10,10,20,110,140,90,90,110
slingshot car rental price,70,0.27,MEDIUM,,commercial,sugg_slingshot_rental,110,90,50,30,20,30,40,50,70,70,90,70
slingshot rental in myrtle beach,70,2.1,LOW,,transactional,sugg_slingshot_rental,70,50,30,10,30,20,30,110,110,170,110,90
slingshot rental cleveland,70,1.83,LOW,,commercial,sugg_slingshot_rental,210,90,30,10,10,10,20,30,70,90,170,170
slingshot car rental prices,70,0.27,MEDIUM,8,commercial,sugg_slingshot_rental,110,90,50,30,20,30,40,50,70,70,90,70
slingshot rental kissimmee,70,1.67,HIGH,7,transactional,sugg_slingshot_rental,30,40,50,20,40,30,50,110,170,70,90,70
slingshot rental florida,70,1.7,MEDIUM,15,transactional,sugg_slingshot_rental,70,50,40,40,50,70,70,140,70,110,70,50
slingshot bike rental,70,1.14,LOW,30,transactional,sugg_slingshot_rental,110,50,50,30,30,30,50,140,90,90,90,70
slingshot rental columbia sc,50,4.06,LOW,,transactional,sugg_slingshot_rental,70,50,30,10,10,30,10,90,140,90,90,50
slingshot rental in galveston,50,1.28,LOW,,transactional,sugg_slingshot_rental,70,50,50,40,20,20,40,70,70,90,70,90
slingshot rental in atlanta,50,1.35,MEDIUM,,transactional,sugg_slingshot_rental,50,50,40,30,20,20,30,110,110,50,90,50
slingshot rental las vegas strip,50,3.69,HIGH,4,transactional,sugg_slingshot_rental,70,90,70,20,20,20,20,70,50,40,50,30
slingshot rental memphis,50,1.68,LOW,4,transactional,sugg_slingshot_rental,90,50,30,10,,10,10,90,110,70,90,50
pigeon forge slingshot rental,50,1.08,MEDIUM,,commercial,sugg_slingshot_rental,90,90,50,20,20,10,40,50,70,50,70,50
slingshot rental fort walton beach,50,0.95,MEDIUM,,transactional,sugg_slingshot_rental,50,50,40,40,10,20,20,90,70,70,70,70
phoenix slingshot rental,50,1.87,MEDIUM,,commercial,sugg_slingshot_rental,50,40,50,40,40,30,30,90,90,50,30,30
slingshot rental charleston sc,50,1.97,LOW,2,transactional,sugg_slingshot_rental,30,40,30,10,30,20,30,50,70,90,70,70
4-seater slingshot rental las vegas,50,4.92,HIGH,9,transactional,sugg_slingshot_rental,40,50,70,20,20,30,40,70,50,50,70,40
slingshot rental st louis,50,2.63,LOW,2,transactional,sugg_slingshot_rental,90,70,30,10,10,10,10,70,50,70,110,110
slingshot rental broken bow,50,0.64,LOW,,transactional,sugg_slingshot_rental,50,70,90,70,30,20,30,50,40,70,70,90
slingshot rental north myrtle beach,50,4.39,LOW,,transactional,sugg_slingshot_rental,70,70,20,10,10,10,10,50,90,140,90,50
slingshot rental columbus ohio,50,2.54,LOW,,transactional,sugg_slingshot_rental,110,50,20,10,10,10,20,70,70,70,110,90
4 seater slingshot rental las vegas,50,4.92,HIGH,,transactional,sugg_slingshot_rental,40,50,70,20,20,30,40,70,50,50,70,40
slingshot rental indianapolis,50,1.89,LOW,,transactional,sugg_slingshot_rental,90,50,20,10,10,10,20,70,110,90,110,110
slingshot rental in panama city beach,50,0.88,MEDIUM,,transactional,sugg_slingshot_rental,70,50,50,20,20,10,10,70,90,90,110,70
maui slingshot rental,50,2.53,HIGH,,transactional,sugg_slingshot_rental,40,40,30,30,40,50,40,50,50,50,50,70
slingshot rental phoenix,50,1.87,MEDIUM,,commercial,sugg_slingshot_rental,50,40,50,40,40,30,30,90,90,50,30,30
slingshot rental clearwater,50,1.26,HIGH,,transactional,sugg_slingshot_rental,50,70,40,40,30,20,40,70,70,40,70,50
slingshot rental cocoa beach,50,1.66,HIGH,,transactional,sugg_slingshot_rental,40,30,50,40,40,40,50,90,50,50,50,50
slingshot rental okc,50,4.26,LOW,,transactional,sugg_slingshot_rental,70,50,50,20,10,10,30,50,40,50,140,170
slingshot rental mobile al,50,3.89,LOW,,transactional,sugg_slingshot_rental,40,70,50,30,30,70,90,70,50,40,50,50
polaris slingshot rental louisville,50,,,,transactional,sugg_slingshot_rental,320,260,,,,,,10,10,,,
slingshot rental sarasota,50,2.15,MEDIUM,,commercial,sugg_slingshot_rental,50,50,50,40,50,50,70,90,50,50,50,40
slingshot rental tampa fl,50,2.66,HIGH,,transactional,sugg_slingshot_rental,30,30,30,30,20,20,30,90,70,50,70,50
slingshot rental arlington tx,50,1.87,HIGH,5,transactional,sugg_slingshot_rental,50,30,20,10,10,10,10,30,30,90,170,90
polaris slingshot rental dallas,50,1.21,LOW,,transactional,sugg_slingshot_rental,40,20,20,10,,10,10,50,20,20,210,210
polaris slingshot rental miami,50,2.28,HIGH,2,transactional,sugg_slingshot_rental,50,30,30,50,50,40,50,90,40,70,20,40
slingshot rental ocean city md,50,2.33,LOW,,transactional,sugg_slingshot_rental,110,50,20,10,10,10,10,30,50,70,140,90
slingshot turo rental,40,0.08,LOW,,transactional,sugg_slingshot_rental,30,30,30,10,10,10,20,40,70,140,90,50
slingshot car rental miami,40,1.13,HIGH,,transactional,sugg_slingshot_rental,70,40,30,30,30,40,40,50,40,40,40,30
pcb slingshot rental,40,0.62,LOW,,transactional,sugg_slingshot_rental,30,40,10,10,10,10,20,70,50,70,50,70
tampa slingshot rental,40,0.94,HIGH,,transactional,sugg_slingshot_rental,40,20,40,30,30,40,30,50,70,50,50,40
4 seater slingshot rental myrtle beach,40,6.75,LOW,,transactional,sugg_slingshot_rental,50,30,10,10,10,10,10,70,70,90,70,90
va beach slingshot rental,40,2.23,LOW,,transactional,sugg_slingshot_rental,10,10,10,10,10,10,10,10,10,30,260,170
fort lauderdale slingshot rental,40,1.6,HIGH,,transactional,sugg_slingshot_rental,30,20,20,20,30,40,40,50,50,50,40,40
panama city beach slingshot rental prices,40,0.84,MEDIUM,,transactional,sugg_slingshot_rental,30,20,30,10,10,10,10,40,70,90,90,140
slingshot rental biloxi ms,40,2.7,LOW,1,transactional,sugg_slingshot_rental,70,40,40,10,10,10,20,40,70,50,70,70
slingshot rental denver,40,2.31,MEDIUM,,transactional,sugg_slingshot_rental,70,50,20,10,10,10,10,40,40,70,50,70
slingshot rental mcdonough ga,40,2.38,LOW,1,transactional,sugg_slingshot_rental,40,40,30,10,10,10,20,50,90,70,90,50
slingshot rental cost,40,1.08,LOW,20,commercial,sugg_slingshot_rental,70,40,40,20,10,20,10,40,50,70,50,50
slingshot vegas rental,40,2.19,HIGH,3,transactional,sugg_slingshot_rental,40,50,40,20,30,30,20,50,50,30,30,30
maggie valley slingshot rental,40,2.05,LOW,,commercial,sugg_slingshot_rental,50,50,50,10,20,10,10,30,50,50,70,50
